databreachcause,washingtoniansaffected,industrytype
0.0,24563.0,0.0
0.0,24563.0,0.0
0.0,24563.0,0.0
0.0,8390.0,0.0
0.0,8390.0,0.0
0.0,8390.0,0.0
2.0,518.0,4.0
2.0,518.0,4.0
2.0,518.0,4.0
2.0,518.0,4.0
0.0,2373.0,0.0
0.0,2373.0,0.0
0.0,2373.0,0.0
0.0,687.0,0.0
0.0,687.0,0.0
0.0,687.0,0.0
0.0,687.0,0.0
0.0,1442.0,0.0
0.0,1442.0,0.0
0.0,1442.0,0.0
0.0,1442.0,0.0
1.0,5679.0,1.0
1.0,5679.0,1.0
1.0,2655.0,2.0
1.0,2655.0,2.0
1.0,2655.0,2.0
1.0,2655.0,2.0
2.0,77618.0,0.0
2.0,77618.0,0.0
2.0,77618.0,0.0
2.0,77618.0,0.0
0.0,4631.0,0.0
0.0,4631.0,0.0
0.0,941.0,0.0
0.0,941.0,0.0
0.0,941.0,0.0
0.0,941.0,0.0
0.0,941.0,0.0
0.0,941.0,0.0
2.0,1434.0,1.0
2.0,1434.0,1.0
2.0,1434.0,1.0
2.0,1434.0,1.0
0.0,3564.0,0.0
0.0,3564.0,0.0
0.0,3564.0,0.0
0.0,992.0,5.0
0.0,992.0,5.0
0.0,992.0,5.0
0.0,992.0,5.0
0.0,992.0,5.0
0.0,627.0,4.0
0.0,627.0,4.0
0.0,627.0,4.0
0.0,627.0,4.0
1.0,1419.0,0.0
1.0,1419.0,0.0
1.0,1419.0,0.0
0.0,1595.0,0.0
0.0,1595.0,0.0
0.0,1595.0,0.0
2.0,29425.0,0.0
2.0,29425.0,0.0
2.0,29425.0,0.0
1.0,500.0,0.0
1.0,500.0,0.0
2.0,2721.0,0.0
2.0,2721.0,0.0
2.0,2721.0,0.0
2.0,2721.0,0.0
2.0,328889.0,0.0
2.0,328889.0,0.0
2.0,328889.0,0.0
2.0,328889.0,0.0
2.0,328889.0,0.0
2.0,328889.0,0.0
2.0,328889.0,0.0
0.0,975.0,2.0
0.0,975.0,2.0
0.0,975.0,2.0
0.0,3230.0,0.0
0.0,3230.0,0.0
0.0,3230.0,0.0
0.0,4555.0,0.0
0.0,4555.0,0.0
0.0,664.0,0.0
0.0,664.0,0.0
0.0,664.0,0.0
2.0,5264.0,0.0
2.0,5264.0,0.0
2.0,5264.0,0.0
2.0,5264.0,0.0
1.0,2185.0,0.0
1.0,2185.0,0.0
1.0,2185.0,0.0
1.0,2185.0,0.0
1.0,2185.0,0.0
1.0,2185.0,0.0
1.0,2185.0,0.0
2.0,5270.0,2.0
2.0,5270.0,2.0
2.0,5270.0,2.0
2.0,5270.0,2.0
0.0,15.0,0.0
0.0,15.0,0.0
0.0,640.0,0.0
0.0,640.0,0.0
2.0,9042.0,0.0
2.0,9042.0,0.0
2.0,9042.0,0.0
2.0,9042.0,0.0
2.0,91187.0,3.0
2.0,91187.0,3.0
2.0,91187.0,3.0
2.0,91187.0,3.0
2.0,91187.0,3.0
2.0,2802.0,4.0
2.0,2802.0,4.0
2.0,2802.0,4.0
2.0,2802.0,4.0
2.0,566.0,0.0
2.0,566.0,0.0
2.0,566.0,0.0
2.0,566.0,0.0
0.0,8844.0,0.0
0.0,8844.0,0.0
0.0,8844.0,0.0
0.0,8844.0,0.0
0.0,8844.0,0.0
0.0,544.0,0.0
0.0,544.0,0.0
0.0,544.0,0.0
0.0,544.0,0.0
0.0,2162.0,0.0
0.0,2162.0,0.0
2.0,41485.0,0.0
2.0,41485.0,0.0
2.0,41485.0,0.0
2.0,41485.0,0.0
2.0,41485.0,0.0
2.0,41485.0,0.0
2.0,41485.0,0.0
2.0,41485.0,0.0
2.0,1639.0,0.0
2.0,1639.0,0.0
2.0,1639.0,0.0
2.0,1639.0,0.0
2.0,1639.0,0.0
2.0,1639.0,0.0
2.0,708.0,2.0
2.0,708.0,2.0
2.0,708.0,2.0
2.0,708.0,2.0
2.0,708.0,2.0
2.0,2145.0,3.0
2.0,2145.0,3.0
2.0,2145.0,3.0
2.0,2145.0,3.0
0.0,602.0,0.0
0.0,602.0,0.0
0.0,602.0,0.0
0.0,602.0,0.0
2.0,1061.0,0.0
2.0,1061.0,0.0
1.0,1000.0,2.0
1.0,1000.0,2.0
1.0,1000.0,2.0
1.0,1000.0,2.0
2.0,1355.0,0.0
2.0,1355.0,0.0
2.0,2527.0,0.0
2.0,2527.0,0.0
2.0,2527.0,0.0
0.0,511.0,0.0
0.0,511.0,0.0
0.0,7916.0,4.0
0.0,7916.0,4.0
0.0,7916.0,4.0
0.0,7916.0,4.0
0.0,7916.0,4.0
2.0,611.0,4.0
2.0,611.0,4.0
2.0,611.0,4.0
2.0,611.0,4.0
0.0,73508.0,0.0
0.0,73508.0,0.0
0.0,625.0,0.0
0.0,625.0,0.0
2.0,2613.0,2.0
2.0,2613.0,2.0
2.0,2613.0,2.0
0.0,5428.0,0.0
0.0,5428.0,0.0
1.0,12724.0,4.0
1.0,12724.0,4.0
1.0,12724.0,4.0
1.0,12724.0,4.0
0.0,1463.0,0.0
0.0,1463.0,0.0
2.0,1449645.0,3.0
2.0,1449645.0,3.0
2.0,1449645.0,3.0
2.0,1449645.0,3.0
2.0,1449645.0,3.0
1.0,1505.0,2.0
1.0,1505.0,2.0
1.0,1505.0,2.0
1.0,1505.0,2.0
2.0,1198.0,0.0
2.0,1198.0,0.0
2.0,1198.0,0.0
2.0,1198.0,0.0
0.0,633.0,0.0
0.0,633.0,0.0
0.0,633.0,0.0
0.0,549.0,0.0
0.0,549.0,0.0
0.0,549.0,0.0
0.0,755.0,0.0
0.0,755.0,0.0
0.0,755.0,0.0
0.0,556.0,2.0
0.0,556.0,2.0
0.0,556.0,2.0
0.0,556.0,2.0
0.0,512.0,0.0
0.0,512.0,0.0
0.0,512.0,0.0
1.0,1223.0,4.0
1.0,1223.0,4.0
1.0,1223.0,4.0
1.0,1223.0,4.0
1.0,1223.0,4.0
2.0,2470.0,2.0
2.0,2470.0,2.0
2.0,2470.0,2.0
2.0,2470.0,2.0
2.0,353388.0,4.0
2.0,353388.0,4.0
2.0,353388.0,4.0
2.0,353388.0,4.0
0.0,9700.0,0.0
0.0,9700.0,0.0
0.0,9700.0,0.0
0.0,1522.0,4.0
0.0,1522.0,4.0
0.0,1522.0,4.0
0.0,1522.0,4.0
0.0,1522.0,4.0
2.0,1197.0,2.0
2.0,1197.0,2.0
2.0,1197.0,2.0
2.0,1197.0,2.0
2.0,7288.0,0.0
2.0,7288.0,0.0
2.0,7288.0,0.0
2.0,7288.0,0.0
2.0,558.0,0.0
2.0,558.0,0.0
2.0,558.0,0.0
0.0,1547.0,0.0
0.0,1547.0,0.0
0.0,1547.0,0.0
0.0,1819.0,0.0
0.0,1819.0,0.0
0.0,1819.0,0.0
0.0,784.0,0.0
0.0,784.0,0.0
0.0,784.0,0.0
0.0,1178.0,0.0
0.0,1178.0,0.0
0.0,1178.0,0.0
1.0,6300.0,0.0
1.0,6300.0,0.0
1.0,6300.0,0.0
0.0,746.0,0.0
0.0,746.0,0.0
0.0,746.0,0.0
0.0,1013.0,0.0
0.0,1013.0,0.0
0.0,1013.0,0.0
0.0,725.0,0.0
0.0,725.0,0.0
0.0,725.0,0.0
0.0,778.0,0.0
0.0,778.0,0.0
0.0,778.0,0.0
0.0,847.0,0.0
0.0,847.0,0.0
0.0,847.0,0.0
0.0,1274.0,0.0
0.0,1274.0,0.0
0.0,1274.0,0.0
0.0,639.0,0.0
0.0,639.0,0.0
0.0,639.0,0.0
0.0,524.0,0.0
0.0,524.0,0.0
0.0,524.0,0.0
0.0,1495.0,0.0
0.0,1495.0,0.0
0.0,1495.0,0.0
2.0,1291.0,2.0
2.0,1291.0,2.0
2.0,1291.0,2.0
2.0,1291.0,2.0
2.0,1291.0,2.0
0.0,18172.0,0.0
0.0,18172.0,0.0
0.0,18172.0,0.0
0.0,18172.0,0.0
0.0,803.0,0.0
0.0,803.0,0.0
0.0,803.0,0.0
2.0,2176.0,0.0
2.0,2176.0,0.0
2.0,2176.0,0.0
2.0,526.0,1.0
2.0,526.0,1.0
2.0,526.0,1.0
2.0,526.0,1.0
2.0,526.0,1.0
0.0,821.0,5.0
0.0,821.0,5.0
0.0,821.0,5.0
0.0,821.0,5.0
0.0,821.0,5.0
0.0,821.0,5.0
0.0,821.0,5.0
0.0,2034.0,0.0
0.0,2034.0,0.0
0.0,2034.0,0.0
0.0,7366.0,0.0
0.0,7366.0,0.0
0.0,7366.0,0.0
0.0,1688.0,2.0
0.0,1688.0,2.0
0.0,1688.0,2.0
0.0,1688.0,2.0
0.0,1688.0,2.0
0.0,1140.0,0.0
0.0,1140.0,0.0
0.0,1140.0,0.0
0.0,13825.0,0.0
0.0,13825.0,0.0
0.0,813.0,1.0
0.0,813.0,1.0
0.0,813.0,1.0
0.0,813.0,1.0
0.0,813.0,1.0
0.0,813.0,1.0
1.0,720.0,5.0
1.0,720.0,5.0
0.0,501.0,0.0
0.0,501.0,0.0
0.0,501.0,0.0
0.0,513.0,0.0
0.0,513.0,0.0
0.0,513.0,0.0
0.0,1467.0,2.0
0.0,1467.0,2.0
0.0,1467.0,2.0
0.0,1467.0,2.0
0.0,1467.0,2.0
0.0,541.0,0.0
0.0,541.0,0.0
0.0,541.0,0.0
0.0,657.0,0.0
0.0,657.0,0.0
0.0,657.0,0.0
1.0,1086.0,0.0
1.0,1086.0,0.0
1.0,1086.0,0.0
0.0,1650.0,0.0
0.0,1650.0,0.0
0.0,1650.0,0.0
2.0,942.0,4.0
2.0,942.0,4.0
2.0,27956.0,0.0
2.0,27956.0,0.0
2.0,27956.0,0.0
1.0,769088.0,1.0
1.0,769088.0,1.0
1.0,769088.0,1.0
1.0,769088.0,1.0
0.0,815.0,2.0
0.0,815.0,2.0
0.0,815.0,2.0
0.0,815.0,2.0
0.0,815.0,2.0
0.0,815.0,2.0
2.0,20437.0,2.0
2.0,20437.0,2.0
2.0,20437.0,2.0
2.0,20437.0,2.0
2.0,20437.0,2.0
2.0,20437.0,2.0
2.0,20437.0,2.0
2.0,2370.0,0.0
2.0,2370.0,0.0
0.0,912.0,0.0
0.0,912.0,0.0
0.0,912.0,0.0
0.0,636.0,0.0
0.0,636.0,0.0
0.0,636.0,0.0
0.0,605.0,0.0
0.0,605.0,0.0
0.0,605.0,0.0
0.0,5401.0,0.0
0.0,5401.0,0.0
0.0,5401.0,0.0
0.0,2696.0,0.0
0.0,2696.0,0.0
0.0,2696.0,0.0
2.0,9425.0,0.0
2.0,9425.0,0.0
2.0,9425.0,0.0
2.0,9425.0,0.0
0.0,791.0,0.0
0.0,791.0,0.0
0.0,1780.0,0.0
0.0,1780.0,0.0
0.0,1780.0,0.0
2.0,523.0,0.0
2.0,523.0,0.0
2.0,523.0,0.0
2.0,1382.0,0.0
2.0,1382.0,0.0
0.0,12327.0,0.0
0.0,12327.0,0.0
0.0,12327.0,0.0
0.0,12327.0,0.0
1.0,3399.0,1.0
1.0,3399.0,1.0
1.0,5688.0,2.0
1.0,5688.0,2.0
1.0,5688.0,2.0
1.0,5688.0,2.0
1.0,5688.0,2.0
1.0,725.0,0.0
1.0,725.0,0.0
1.0,725.0,0.0
2.0,2396.0,0.0
2.0,2396.0,0.0
2.0,2396.0,0.0
2.0,2396.0,0.0
2.0,2396.0,0.0
0.0,704.0,2.0
0.0,704.0,2.0
0.0,704.0,2.0
0.0,704.0,2.0
0.0,773.0,0.0
0.0,773.0,0.0
0.0,773.0,0.0
0.0,695.0,0.0
0.0,695.0,0.0
2.0,1896.0,0.0
2.0,1896.0,0.0
2.0,1896.0,0.0
2.0,642.0,5.0
2.0,642.0,5.0
2.0,642.0,5.0
0.0,2477.0,0.0
0.0,2477.0,0.0
1.0,515.0,4.0
1.0,515.0,4.0
0.0,10888.0,0.0
0.0,10888.0,0.0
0.0,4077.0,0.0
0.0,4077.0,0.0
0.0,4077.0,0.0
2.0,590.0,0.0
2.0,590.0,0.0
2.0,590.0,0.0
0.0,956.0,0.0
0.0,956.0,0.0
2.0,600.0,0.0
2.0,600.0,0.0
2.0,600.0,0.0
2.0,1962.0,2.0
2.0,1962.0,2.0
2.0,1962.0,2.0
2.0,1962.0,2.0
2.0,1962.0,2.0
2.0,1962.0,2.0
2.0,661.0,0.0
2.0,661.0,0.0
2.0,661.0,0.0
2.0,661.0,0.0
2.0,661.0,0.0
2.0,661.0,0.0
2.0,604.0,0.0
2.0,604.0,0.0
2.0,604.0,0.0
2.0,604.0,0.0
2.0,604.0,0.0
0.0,2545.0,2.0
0.0,2545.0,2.0
0.0,2545.0,2.0
1.0,768.0,0.0
1.0,768.0,0.0
1.0,768.0,0.0
1.0,768.0,0.0
1.0,768.0,0.0
1.0,768.0,0.0
1.0,768.0,0.0
2.0,2671.0,0.0
2.0,2671.0,0.0
2.0,2671.0,0.0
0.0,2632.0,0.0
0.0,2632.0,0.0
0.0,2632.0,0.0
2.0,2876.0,4.0
2.0,2876.0,4.0
2.0,2876.0,4.0
2.0,2876.0,4.0
0.0,21687.0,0.0
0.0,21687.0,0.0
0.0,1100.0,0.0
0.0,1100.0,0.0
0.0,1100.0,0.0
0.0,1100.0,0.0
0.0,1100.0,0.0
0.0,846.0,0.0
0.0,846.0,0.0
0.0,846.0,0.0
0.0,846.0,0.0
0.0,846.0,0.0
0.0,774.0,0.0
0.0,774.0,0.0
0.0,774.0,0.0
0.0,5013.0,0.0
0.0,5013.0,0.0
0.0,5013.0,0.0
0.0,1634.0,0.0
0.0,1634.0,0.0
0.0,2785.0,0.0
0.0,2785.0,0.0
0.0,1137.0,0.0
0.0,1137.0,0.0
0.0,1137.0,0.0
0.0,1012.0,0.0
0.0,1012.0,0.0
0.0,15556.0,2.0
0.0,15556.0,2.0
0.0,15556.0,2.0
0.0,15556.0,2.0
0.0,15556.0,2.0
0.0,804.0,4.0
0.0,804.0,4.0
0.0,804.0,4.0
0.0,804.0,4.0
0.0,1053.0,5.0
0.0,1053.0,5.0
0.0,1053.0,5.0
0.0,1053.0,5.0
0.0,1053.0,5.0
0.0,148785.0,0.0
0.0,148785.0,0.0
0.0,148785.0,0.0
2.0,16465.0,0.0
2.0,16465.0,0.0
2.0,16465.0,0.0
2.0,16465.0,0.0
2.0,16465.0,0.0
0.0,2851.0,3.0
0.0,2851.0,3.0
0.0,2851.0,3.0
0.0,2851.0,3.0
0.0,2851.0,3.0
0.0,2851.0,3.0
0.0,2851.0,3.0
1.0,2730.0,0.0
1.0,2730.0,0.0
1.0,2730.0,0.0
1.0,2730.0,0.0
1.0,2730.0,0.0
2.0,2841.0,0.0
2.0,2841.0,0.0
2.0,2841.0,0.0
2.0,2841.0,0.0
2.0,2841.0,0.0
2.0,2841.0,0.0
0.0,5017.0,5.0
0.0,5017.0,5.0
0.0,3172.0,1.0
0.0,3172.0,1.0
0.0,3172.0,1.0
1.0,1982.0,0.0
1.0,1982.0,0.0
1.0,1982.0,0.0
1.0,1982.0,0.0
1.0,1982.0,0.0
1.0,1982.0,0.0
1.0,1982.0,0.0
1.0,1982.0,0.0
1.0,1982.0,0.0
0.0,1294.0,1.0
0.0,1294.0,1.0
0.0,6797.0,5.0
0.0,6797.0,5.0
0.0,6797.0,5.0
0.0,6797.0,5.0
0.0,6797.0,5.0
0.0,2444.0,5.0
0.0,2444.0,5.0
0.0,2444.0,5.0
0.0,527.0,0.0
0.0,527.0,0.0
0.0,527.0,0.0
0.0,527.0,0.0
0.0,527.0,0.0
0.0,527.0,0.0
0.0,527.0,0.0
2.0,2620.0,5.0
2.0,2620.0,5.0
2.0,2620.0,5.0
0.0,1312.0,5.0
0.0,1312.0,5.0
0.0,1312.0,5.0
0.0,1122.0,1.0
0.0,1122.0,1.0
0.0,1122.0,1.0
0.0,526.0,4.0
0.0,526.0,4.0
0.0,526.0,4.0
0.0,1364.0,0.0
0.0,1364.0,0.0
0.0,1364.0,0.0
0.0,1364.0,0.0
0.0,7803.0,1.0
0.0,7803.0,1.0
0.0,867.0,5.0
0.0,867.0,5.0
0.0,867.0,5.0
0.0,867.0,5.0
0.0,2367.0,5.0
0.0,2367.0,5.0
0.0,2367.0,5.0
0.0,2602.0,1.0
0.0,2602.0,1.0
0.0,2602.0,1.0
0.0,40549.0,5.0
0.0,40549.0,5.0
0.0,40549.0,5.0
0.0,40549.0,5.0
0.0,5075.0,1.0
0.0,5075.0,1.0
0.0,5075.0,1.0
0.0,5075.0,1.0
0.0,8441.0,5.0
0.0,8441.0,5.0
0.0,86269.0,5.0
0.0,86269.0,5.0
0.0,769.0,1.0
0.0,769.0,1.0
0.0,769.0,1.0
0.0,3162.0,1.0
0.0,3162.0,1.0
0.0,3162.0,1.0
0.0,7067.0,1.0
0.0,7067.0,1.0
0.0,1132.0,4.0
0.0,1132.0,4.0
0.0,655.0,5.0
0.0,655.0,5.0
0.0,655.0,5.0
0.0,655.0,5.0
0.0,655.0,5.0
0.0,655.0,5.0
0.0,655.0,5.0
0.0,655.0,5.0
0.0,655.0,5.0
0.0,9325.0,0.0
0.0,9325.0,0.0
0.0,9325.0,0.0
0.0,9325.0,0.0
0.0,6584.0,0.0
0.0,6584.0,0.0
0.0,6584.0,0.0
0.0,446097.0,5.0
0.0,446097.0,5.0
0.0,446097.0,5.0
0.0,446097.0,5.0
0.0,1235.0,5.0
0.0,1235.0,5.0
0.0,2866.0,5.0
0.0,2866.0,5.0
0.0,2866.0,5.0
0.0,17908.0,5.0
0.0,17908.0,5.0
0.0,17908.0,5.0
0.0,17908.0,5.0
0.0,47465.0,5.0
0.0,47465.0,5.0
0.0,47465.0,5.0
0.0,47465.0,5.0
0.0,778.0,5.0
0.0,778.0,5.0
0.0,778.0,5.0
0.0,5142.0,1.0
0.0,5142.0,1.0
0.0,5142.0,1.0
0.0,6460.0,5.0
0.0,6460.0,5.0
0.0,6460.0,5.0
0.0,4069.0,1.0
0.0,4069.0,1.0
0.0,4069.0,1.0
0.0,4069.0,1.0
0.0,606.0,1.0
0.0,606.0,1.0
0.0,606.0,1.0
0.0,5000.0,1.0
0.0,5000.0,1.0
0.0,5000.0,1.0
0.0,677.0,2.0
0.0,677.0,2.0
0.0,677.0,2.0
0.0,334219.0,5.0
0.0,334219.0,5.0
0.0,1165.0,1.0
0.0,1165.0,1.0
0.0,1165.0,1.0
0.0,548.0,0.0
0.0,548.0,0.0
0.0,548.0,0.0
0.0,548.0,0.0
0.0,548.0,0.0
0.0,3549.0,1.0
0.0,3549.0,1.0
0.0,3549.0,1.0
0.0,911.0,5.0
0.0,911.0,5.0
0.0,911.0,5.0
2.0,40998.0,0.0
2.0,40998.0,0.0
2.0,40998.0,0.0
2.0,40998.0,0.0
2.0,40998.0,0.0
0.0,1357.0,5.0
0.0,1357.0,5.0
0.0,1357.0,5.0
0.0,981068.0,5.0
0.0,981068.0,5.0
0.0,981068.0,5.0
0.0,2760.0,2.0
0.0,2760.0,2.0
0.0,2760.0,2.0
0.0,2760.0,2.0
0.0,120041.0,5.0
0.0,120041.0,5.0
0.0,120041.0,5.0
0.0,120041.0,5.0
0.0,120041.0,5.0
0.0,302769.0,4.0
0.0,302769.0,4.0
0.0,302769.0,4.0
0.0,302769.0,4.0
0.0,12640.0,5.0
0.0,12640.0,5.0
0.0,12640.0,5.0
0.0,1015.0,5.0
0.0,1015.0,5.0
0.0,1015.0,5.0
0.0,60813.0,5.0
0.0,60813.0,5.0
0.0,60813.0,5.0
0.0,1826.0,1.0
0.0,1826.0,1.0
0.0,1826.0,1.0
0.0,979.0,2.0
0.0,979.0,2.0
0.0,979.0,2.0
0.0,1284.0,0.0
0.0,1284.0,0.0
0.0,1284.0,0.0
0.0,1284.0,0.0
0.0,1284.0,0.0
0.0,1284.0,0.0
0.0,1284.0,0.0
0.0,1753.0,5.0
0.0,1753.0,5.0
0.0,1753.0,5.0
0.0,1429.0,1.0
0.0,1429.0,1.0
0.0,1429.0,1.0
2.0,623.0,1.0
2.0,623.0,1.0
2.0,623.0,1.0
0.0,672.0,0.0
0.0,672.0,0.0
0.0,6586.0,5.0
0.0,6586.0,5.0
0.0,6586.0,5.0
0.0,37702.0,4.0
0.0,37702.0,4.0
0.0,37702.0,4.0
0.0,37702.0,4.0
0.0,37702.0,4.0
0.0,37702.0,4.0
0.0,37702.0,4.0
0.0,1027.0,5.0
0.0,1027.0,5.0
0.0,1027.0,5.0
0.0,1929.0,1.0
0.0,1929.0,1.0
0.0,1929.0,1.0
0.0,8169.0,5.0
0.0,8169.0,5.0
0.0,8169.0,5.0
0.0,1752.0,5.0
0.0,1752.0,5.0
0.0,1752.0,5.0
0.0,3204.0,5.0
0.0,3204.0,5.0
0.0,3204.0,5.0
0.0,7658.0,5.0
0.0,7658.0,5.0
0.0,7658.0,5.0
0.0,1066.0,1.0
0.0,1066.0,1.0
0.0,1066.0,1.0
0.0,580.0,0.0
0.0,580.0,0.0
0.0,580.0,0.0
0.0,2687.0,5.0
0.0,2687.0,5.0
0.0,500.0,5.0
0.0,500.0,5.0
0.0,500.0,5.0
0.0,3368.0,0.0
0.0,3368.0,0.0
0.0,3368.0,0.0
0.0,38523.0,0.0
0.0,38523.0,0.0
0.0,38523.0,0.0
0.0,25583.0,5.0
0.0,25583.0,5.0
0.0,25583.0,5.0
2.0,577.0,0.0
2.0,577.0,0.0
2.0,577.0,0.0
2.0,577.0,0.0
0.0,8052.0,5.0
0.0,8052.0,5.0
0.0,8052.0,5.0
0.0,8052.0,5.0
0.0,1664.0,0.0
0.0,1664.0,0.0
0.0,1664.0,0.0
0.0,1664.0,0.0
0.0,1664.0,0.0
0.0,1664.0,0.0
0.0,1664.0,0.0
0.0,1664.0,0.0
0.0,1664.0,0.0
0.0,564.0,5.0
0.0,564.0,5.0
0.0,564.0,5.0
0.0,1050.0,1.0
0.0,1050.0,1.0
0.0,835.0,5.0
0.0,835.0,5.0
0.0,835.0,5.0
0.0,835.0,5.0
0.0,1398.0,5.0
0.0,1398.0,5.0
0.0,1398.0,5.0
0.0,1336.0,1.0
0.0,1336.0,1.0
0.0,1336.0,1.0
0.0,1336.0,1.0
0.0,5272.0,5.0
0.0,5272.0,5.0
0.0,5272.0,5.0
0.0,922.0,1.0
0.0,922.0,1.0
0.0,3049.0,5.0
0.0,3049.0,5.0
0.0,3049.0,5.0
2.0,618.0,0.0
2.0,618.0,0.0
2.0,618.0,0.0
2.0,618.0,0.0
2.0,618.0,0.0
2.0,618.0,0.0
2.0,618.0,0.0
2.0,618.0,0.0
0.0,248615.0,5.0
0.0,248615.0,5.0
0.0,935.0,1.0
0.0,935.0,1.0
0.0,935.0,1.0
0.0,3209.0,1.0
0.0,3209.0,1.0
0.0,3209.0,1.0
0.0,227371.0,4.0
0.0,227371.0,4.0
0.0,227371.0,4.0
0.0,9196.0,1.0
0.0,9196.0,1.0
0.0,9196.0,1.0
0.0,2470.0,4.0
0.0,2470.0,4.0
0.0,2470.0,4.0
0.0,2470.0,4.0
0.0,57024.0,5.0
0.0,57024.0,5.0
0.0,57024.0,5.0
0.0,3410.0,5.0
0.0,3410.0,5.0
0.0,3410.0,5.0
0.0,1369.0,5.0
0.0,1369.0,5.0
0.0,1369.0,5.0
0.0,679.0,0.0
0.0,679.0,0.0
0.0,679.0,0.0
0.0,1029.0,5.0
0.0,1029.0,5.0
0.0,1029.0,5.0
0.0,165000.0,1.0
0.0,165000.0,1.0
0.0,165000.0,1.0
0.0,165000.0,1.0
0.0,755.0,5.0
0.0,755.0,5.0
0.0,755.0,5.0
0.0,11094.0,0.0
0.0,11094.0,0.0
0.0,11094.0,0.0
0.0,11094.0,0.0
0.0,8523.0,3.0
0.0,8523.0,3.0
0.0,8523.0,3.0
0.0,8523.0,3.0
0.0,8523.0,3.0
0.0,8523.0,3.0
0.0,8523.0,3.0
0.0,8523.0,3.0
0.0,8523.0,3.0
0.0,36050.0,5.0
0.0,36050.0,5.0
0.0,36050.0,5.0
0.0,1212.0,4.0
0.0,1212.0,4.0
0.0,1212.0,4.0
0.0,1134.0,5.0
0.0,1134.0,5.0
0.0,1134.0,5.0
1.0,657.0,5.0
1.0,657.0,5.0
1.0,657.0,5.0
1.0,1292.0,2.0
1.0,1292.0,2.0
1.0,1292.0,2.0
1.0,1292.0,2.0
1.0,1292.0,2.0
0.0,1967.0,1.0
0.0,1967.0,1.0
0.0,1967.0,1.0
0.0,938.0,0.0
0.0,938.0,0.0
0.0,938.0,0.0
0.0,938.0,0.0
0.0,938.0,0.0
0.0,938.0,0.0
1.0,3468.0,5.0
1.0,3468.0,5.0
1.0,3468.0,5.0
0.0,10000.0,5.0
0.0,10000.0,5.0
0.0,10000.0,5.0
0.0,1088.0,0.0
0.0,1088.0,0.0
0.0,1088.0,0.0
2.0,516.0,0.0
2.0,516.0,0.0
2.0,516.0,0.0
2.0,516.0,0.0
2.0,516.0,0.0
0.0,537.0,0.0
0.0,537.0,0.0
0.0,537.0,0.0
0.0,6809.0,4.0
0.0,6809.0,4.0
0.0,6809.0,4.0
0.0,6809.0,4.0
0.0,6809.0,4.0
0.0,734.0,5.0
0.0,734.0,5.0
0.0,1195.0,1.0
0.0,1195.0,1.0
0.0,1195.0,1.0
0.0,1065.0,5.0
0.0,1065.0,5.0
2.0,59769.0,0.0
2.0,59769.0,0.0
2.0,59769.0,0.0
0.0,3585.0,1.0
0.0,3585.0,1.0
0.0,1139.0,5.0
0.0,1139.0,5.0
0.0,1139.0,5.0
0.0,1139.0,5.0
2.0,11346.0,0.0
2.0,11346.0,0.0
2.0,11346.0,0.0
2.0,11346.0,0.0
2.0,11346.0,0.0
2.0,11346.0,0.0
2.0,11346.0,0.0
0.0,19625.0,4.0
0.0,19625.0,4.0
0.0,19625.0,4.0
0.0,19625.0,4.0
0.0,19625.0,4.0
0.0,19625.0,4.0
0.0,19625.0,4.0
0.0,19625.0,4.0
0.0,19625.0,4.0
0.0,555.0,1.0
0.0,555.0,1.0
0.0,555.0,1.0
0.0,555.0,1.0
0.0,3361.0,1.0
0.0,3361.0,1.0
1.0,889.0,4.0
1.0,889.0,4.0
1.0,889.0,4.0
1.0,889.0,4.0
1.0,889.0,4.0
1.0,889.0,4.0
1.0,569.0,2.0
1.0,569.0,2.0
1.0,569.0,2.0
0.0,2166.0,1.0
0.0,2166.0,1.0
0.0,2166.0,1.0
0.0,771.0,0.0
0.0,771.0,0.0
0.0,771.0,0.0
0.0,2563.0,5.0
0.0,2563.0,5.0
0.0,2563.0,5.0
1.0,852.0,0.0
1.0,852.0,0.0
0.0,1959.0,4.0
0.0,1959.0,4.0
0.0,1959.0,4.0
0.0,1959.0,4.0
0.0,12166.0,0.0
0.0,12166.0,0.0
0.0,12166.0,0.0
0.0,12166.0,0.0
0.0,12166.0,0.0
2.0,2633.0,0.0
2.0,2633.0,0.0
2.0,2633.0,0.0
2.0,2633.0,0.0
0.0,882.0,0.0
0.0,882.0,0.0
0.0,882.0,0.0
0.0,21257.0,5.0
0.0,21257.0,5.0
0.0,21257.0,5.0
0.0,8000.0,4.0
0.0,8000.0,4.0
0.0,8000.0,4.0
0.0,8000.0,4.0
0.0,8000.0,4.0
0.0,8000.0,4.0
2.0,1208.0,0.0
2.0,1208.0,0.0
0.0,1127.0,5.0
0.0,1127.0,5.0
0.0,1127.0,5.0
0.0,4984.0,4.0
0.0,4984.0,4.0
0.0,4984.0,4.0
0.0,88000.0,4.0
0.0,88000.0,4.0
0.0,88000.0,4.0
0.0,88000.0,4.0
0.0,88000.0,4.0
0.0,8041.0,1.0
0.0,8041.0,1.0
0.0,8041.0,1.0
0.0,8041.0,1.0
0.0,8041.0,1.0
0.0,8041.0,1.0
0.0,8041.0,1.0
0.0,8041.0,1.0
0.0,8041.0,1.0
0.0,8041.0,1.0
2.0,2393.0,2.0
2.0,2393.0,2.0
2.0,2393.0,2.0
0.0,552.0,1.0
0.0,552.0,1.0
0.0,552.0,1.0
0.0,552.0,1.0
0.0,643.0,0.0
0.0,643.0,0.0
0.0,643.0,0.0
0.0,643.0,0.0
0.0,643.0,0.0
0.0,2543.0,0.0
0.0,2543.0,0.0
0.0,2543.0,0.0
0.0,2543.0,0.0
0.0,2543.0,0.0
0.0,2543.0,0.0
0.0,2991.0,0.0
0.0,2991.0,0.0
0.0,2991.0,0.0
0.0,2991.0,0.0
0.0,2991.0,0.0
0.0,742.0,0.0
0.0,742.0,0.0
0.0,742.0,0.0
0.0,1368.0,0.0
0.0,1368.0,0.0
0.0,1368.0,0.0
0.0,1368.0,0.0
0.0,1368.0,0.0
0.0,1097.0,1.0
0.0,1097.0,1.0
0.0,1097.0,1.0
0.0,1097.0,1.0
0.0,1097.0,1.0
0.0,1097.0,1.0
0.0,1097.0,1.0
0.0,1097.0,1.0
0.0,1334.0,5.0
0.0,1334.0,5.0
0.0,1334.0,5.0
0.0,505.0,1.0
0.0,505.0,1.0
0.0,1508.0,5.0
0.0,1508.0,5.0
0.0,1508.0,5.0
0.0,29861.0,4.0
0.0,29861.0,4.0
0.0,29861.0,4.0
0.0,29861.0,4.0
0.0,29861.0,4.0
0.0,29861.0,4.0
0.0,29861.0,4.0
0.0,29861.0,4.0
0.0,1877.0,0.0
0.0,1877.0,0.0
0.0,1877.0,0.0
0.0,1877.0,0.0
2.0,820.0,3.0
2.0,820.0,3.0
2.0,820.0,3.0
2.0,820.0,3.0
2.0,820.0,3.0
2.0,820.0,3.0
2.0,820.0,3.0
2.0,820.0,3.0
2.0,820.0,3.0
0.0,4051.0,3.0
0.0,4051.0,3.0
0.0,1706.0,1.0
0.0,1706.0,1.0
0.0,1706.0,1.0
0.0,1706.0,1.0
0.0,710.0,1.0
0.0,710.0,1.0
0.0,710.0,1.0
0.0,710.0,1.0
0.0,709.0,0.0
0.0,709.0,0.0
0.0,9721.0,0.0
0.0,9721.0,0.0
0.0,9721.0,0.0
0.0,9721.0,0.0
0.0,9721.0,0.0
0.0,9721.0,0.0
0.0,9721.0,0.0
1.0,897.0,4.0
1.0,897.0,4.0
0.0,722.0,5.0
0.0,722.0,5.0
0.0,626.0,2.0
0.0,626.0,2.0
0.0,626.0,2.0
0.0,626.0,2.0
0.0,626.0,2.0
0.0,626.0,2.0
0.0,626.0,2.0
0.0,1661.0,0.0
0.0,1661.0,0.0
0.0,1661.0,0.0
0.0,1661.0,0.0
0.0,2465.0,1.0
0.0,2465.0,1.0
0.0,2465.0,1.0
0.0,1017.0,5.0
0.0,1017.0,5.0
0.0,505.0,4.0
0.0,505.0,4.0
0.0,505.0,4.0
0.0,505.0,4.0
0.0,505.0,4.0
0.0,505.0,4.0
0.0,47952.0,4.0
0.0,47952.0,4.0
0.0,47952.0,4.0
0.0,47952.0,4.0
0.0,47952.0,4.0
0.0,47952.0,4.0
0.0,47952.0,4.0
0.0,47952.0,4.0
0.0,736.0,0.0
0.0,736.0,0.0
0.0,2496.0,4.0
0.0,2496.0,4.0
0.0,2496.0,4.0
0.0,2496.0,4.0
0.0,2496.0,4.0
0.0,2496.0,4.0
0.0,2496.0,4.0
0.0,9898.0,5.0
0.0,9898.0,5.0
0.0,9898.0,5.0
0.0,9898.0,5.0
0.0,1239.0,1.0
0.0,1239.0,1.0
0.0,1239.0,1.0
0.0,522.0,0.0
0.0,522.0,0.0
0.0,522.0,0.0
0.0,522.0,0.0
0.0,577.0,3.0
0.0,534.0,5.0
0.0,534.0,5.0
0.0,925.0,2.0
0.0,925.0,2.0
0.0,925.0,2.0
0.0,954.0,0.0
0.0,954.0,0.0
0.0,954.0,0.0
0.0,954.0,0.0
0.0,1197.0,4.0
0.0,1197.0,4.0
0.0,1197.0,4.0
0.0,1197.0,4.0
0.0,1197.0,4.0
0.0,1936.0,0.0
0.0,1936.0,0.0
0.0,1936.0,0.0
0.0,1936.0,0.0
0.0,32419.0,1.0
0.0,32419.0,1.0
0.0,32419.0,1.0
0.0,32419.0,1.0
0.0,32419.0,1.0
0.0,32419.0,1.0
0.0,32419.0,1.0
0.0,32419.0,1.0
0.0,32419.0,1.0
0.0,1527.0,0.0
0.0,1527.0,0.0
0.0,1527.0,0.0
0.0,1527.0,0.0
0.0,1527.0,0.0
0.0,1250.0,0.0
0.0,1250.0,0.0
0.0,1250.0,0.0
0.0,1250.0,0.0
0.0,1250.0,0.0
0.0,1250.0,0.0
0.0,1563.0,5.0
0.0,1563.0,5.0
0.0,1563.0,5.0
0.0,1563.0,5.0
0.0,1563.0,5.0
0.0,1420520.0,3.0
0.0,1420520.0,3.0
0.0,1420520.0,3.0
0.0,1420520.0,3.0
0.0,1420520.0,3.0
0.0,1420520.0,3.0
0.0,1420520.0,3.0
0.0,25917.0,4.0
0.0,25917.0,4.0
0.0,25917.0,4.0
0.0,25917.0,4.0
0.0,25917.0,4.0
0.0,25917.0,4.0
0.0,25917.0,4.0
0.0,25917.0,4.0
0.0,153800.0,0.0
0.0,153800.0,0.0
0.0,153800.0,0.0
0.0,153800.0,0.0
0.0,153800.0,0.0
1.0,675.0,4.0
1.0,675.0,4.0
1.0,675.0,4.0
1.0,675.0,4.0
1.0,675.0,4.0
0.0,14877.0,3.0
0.0,14877.0,3.0
0.0,14877.0,3.0
0.0,17415.0,1.0
0.0,17415.0,1.0
0.0,17415.0,1.0
0.0,17415.0,1.0
0.0,523.0,0.0
0.0,523.0,0.0
0.0,1690.0,0.0
0.0,1690.0,0.0
0.0,1690.0,0.0
0.0,1308.0,0.0
0.0,1308.0,0.0
0.0,1308.0,0.0
0.0,1308.0,0.0
0.0,1308.0,0.0
0.0,1308.0,0.0
0.0,1308.0,0.0
0.0,4900.0,3.0
0.0,4900.0,3.0
0.0,4900.0,3.0
0.0,3337.0,0.0
0.0,3337.0,0.0
0.0,3337.0,0.0
0.0,3337.0,0.0
0.0,3337.0,0.0
0.0,3337.0,0.0
0.0,3337.0,0.0
0.0,3337.0,0.0
0.0,3337.0,0.0
0.0,3337.0,0.0
0.0,3337.0,0.0
0.0,4318.0,5.0
0.0,4318.0,5.0
0.0,4318.0,5.0
0.0,4318.0,5.0
0.0,4318.0,5.0
0.0,560.0,4.0
0.0,560.0,4.0
0.0,560.0,4.0
0.0,560.0,4.0
0.0,560.0,4.0
0.0,560.0,4.0
0.0,560.0,4.0
2.0,540.0,0.0
2.0,540.0,0.0
0.0,1400.0,2.0
0.0,1400.0,2.0
0.0,1400.0,2.0
2.0,2828.0,0.0
2.0,2828.0,0.0
0.0,23935.0,3.0
0.0,23935.0,3.0
0.0,23935.0,3.0
0.0,599.0,2.0
0.0,599.0,2.0
0.0,599.0,2.0
0.0,599.0,2.0
0.0,599.0,2.0
0.0,599.0,2.0
0.0,599.0,2.0
0.0,599.0,2.0
0.0,41871.0,2.0
0.0,41871.0,2.0
0.0,41871.0,2.0
0.0,41871.0,2.0
0.0,41871.0,2.0
0.0,41871.0,2.0
0.0,41871.0,2.0
0.0,2264.0,0.0
0.0,2264.0,0.0
0.0,1211.0,4.0
0.0,1211.0,4.0
0.0,61006.0,2.0
0.0,61006.0,2.0
0.0,61006.0,2.0
0.0,61006.0,2.0
2.0,606.0,2.0
2.0,606.0,2.0
2.0,606.0,2.0
0.0,639.0,2.0
0.0,639.0,2.0
0.0,695.0,2.0
0.0,695.0,2.0
0.0,695.0,2.0
0.0,11807.0,0.0
0.0,11807.0,0.0
0.0,11807.0,0.0
0.0,11807.0,0.0
0.0,1555.0,2.0
0.0,1555.0,2.0
0.0,1555.0,2.0
0.0,1555.0,2.0
0.0,1555.0,2.0
0.0,1049.0,0.0
0.0,1049.0,0.0
0.0,1049.0,0.0
0.0,1049.0,0.0
0.0,579.0,4.0
0.0,579.0,4.0
0.0,579.0,4.0
0.0,579.0,4.0
0.0,2407.0,2.0
0.0,2407.0,2.0
0.0,2407.0,2.0
0.0,2407.0,2.0
0.0,2407.0,2.0
0.0,2407.0,2.0
0.0,2407.0,2.0
0.0,2407.0,2.0
1.0,18066.0,2.0
1.0,18066.0,2.0
1.0,18066.0,2.0
0.0,3311.0,5.0
0.0,3311.0,5.0
0.0,3311.0,5.0
2.0,1564.0,5.0
2.0,1564.0,5.0
2.0,1564.0,5.0
0.0,7714.0,0.0
0.0,7714.0,0.0
0.0,1022.0,0.0
0.0,1022.0,0.0
0.0,1022.0,0.0
0.0,1022.0,0.0
0.0,1022.0,0.0
0.0,1022.0,0.0
0.0,1022.0,0.0
0.0,1022.0,0.0
0.0,1022.0,0.0
0.0,624.0,0.0
0.0,624.0,0.0
0.0,624.0,0.0
0.0,2625.0,5.0
0.0,2625.0,5.0
0.0,2625.0,5.0
0.0,2625.0,5.0
0.0,2625.0,5.0
0.0,2625.0,5.0
0.0,2625.0,5.0
0.0,2625.0,5.0
0.0,2625.0,5.0
0.0,821.0,0.0
0.0,821.0,0.0
0.0,4216.0,5.0
0.0,4216.0,5.0
0.0,4216.0,5.0
0.0,4216.0,5.0
0.0,4216.0,5.0
0.0,703.0,4.0
0.0,703.0,4.0
0.0,507.0,4.0
0.0,507.0,4.0
0.0,507.0,4.0
0.0,507.0,4.0
0.0,507.0,4.0
0.0,957.0,4.0
0.0,957.0,4.0
0.0,957.0,4.0
0.0,957.0,4.0
0.0,957.0,4.0
0.0,957.0,4.0
0.0,957.0,4.0
0.0,957.0,4.0
0.0,957.0,4.0
0.0,957.0,4.0
0.0,4148.0,4.0
0.0,4148.0,4.0
0.0,4148.0,4.0
0.0,4148.0,4.0
0.0,4148.0,4.0
0.0,4148.0,4.0
0.0,4148.0,4.0
0.0,5885.0,0.0
0.0,5885.0,0.0
0.0,5885.0,0.0
0.0,970.0,0.0
0.0,970.0,0.0
0.0,970.0,0.0
0.0,3511.0,1.0
0.0,3511.0,1.0
0.0,3511.0,1.0
0.0,3511.0,1.0
0.0,3511.0,1.0
0.0,757.0,2.0
0.0,757.0,2.0
0.0,757.0,2.0
0.0,757.0,2.0
0.0,757.0,2.0
0.0,757.0,2.0
0.0,3090.0,0.0
0.0,3090.0,0.0
0.0,3090.0,0.0
0.0,1297.0,5.0
0.0,1297.0,5.0
0.0,1297.0,5.0
0.0,1297.0,5.0
2.0,21564.0,0.0
2.0,21564.0,0.0
2.0,21564.0,0.0
2.0,21564.0,0.0
0.0,926.0,5.0
0.0,926.0,5.0
0.0,926.0,5.0
0.0,926.0,5.0
2.0,3925.0,0.0
2.0,3925.0,0.0
2.0,3925.0,0.0
2.0,3925.0,0.0
2.0,3925.0,0.0
0.0,950.0,0.0
0.0,950.0,0.0
0.0,950.0,0.0
0.0,950.0,0.0
0.0,950.0,0.0
0.0,685.0,5.0
0.0,685.0,5.0
0.0,685.0,5.0
0.0,685.0,5.0
0.0,685.0,5.0
2.0,126193.0,4.0
2.0,126193.0,4.0
2.0,126193.0,4.0
0.0,26209.0,3.0
0.0,26209.0,3.0
0.0,26209.0,3.0
0.0,26209.0,3.0
0.0,26209.0,3.0
0.0,511.0,0.0
0.0,511.0,0.0
0.0,511.0,0.0
2.0,124760.0,5.0
2.0,124760.0,5.0
2.0,124760.0,5.0
1.0,4257.0,0.0
1.0,4257.0,0.0
1.0,4257.0,0.0
1.0,4257.0,0.0
1.0,4257.0,0.0
1.0,4257.0,0.0
1.0,4257.0,0.0
1.0,4257.0,0.0
1.0,4257.0,0.0
0.0,1958.0,0.0
0.0,1958.0,0.0
0.0,1958.0,0.0
0.0,1958.0,0.0
0.0,1958.0,0.0
0.0,757.0,0.0
0.0,757.0,0.0
0.0,757.0,0.0
0.0,757.0,0.0
0.0,757.0,0.0
0.0,757.0,0.0
0.0,757.0,0.0
0.0,757.0,0.0
0.0,757.0,0.0
0.0,5246.0,2.0
0.0,5246.0,2.0
2.0,1186.0,4.0
2.0,1186.0,4.0
2.0,1186.0,4.0
2.0,1186.0,4.0
2.0,1186.0,4.0
2.0,1186.0,4.0
2.0,1186.0,4.0
2.0,1186.0,4.0
2.0,1186.0,4.0
0.0,1208.0,0.0
0.0,1208.0,0.0
0.0,1208.0,0.0
0.0,1019.0,0.0
0.0,1019.0,0.0
0.0,1019.0,0.0
0.0,1019.0,0.0
0.0,6829.0,0.0
0.0,6829.0,0.0
0.0,6829.0,0.0
0.0,690.0,4.0
0.0,690.0,4.0
0.0,690.0,4.0
0.0,690.0,4.0
0.0,690.0,4.0
2.0,6225.0,0.0
2.0,6225.0,0.0
2.0,6225.0,0.0
2.0,6225.0,0.0
2.0,6225.0,0.0
1.0,11276.0,2.0
1.0,11276.0,2.0
1.0,11276.0,2.0
0.0,823.0,2.0
0.0,823.0,2.0
0.0,823.0,2.0
0.0,823.0,2.0
0.0,823.0,2.0
0.0,670.0,0.0
0.0,670.0,0.0
0.0,670.0,0.0
0.0,670.0,0.0
0.0,670.0,0.0
0.0,670.0,0.0
0.0,670.0,0.0
0.0,1085.0,2.0
0.0,1085.0,2.0
0.0,1085.0,2.0
0.0,1085.0,2.0
1.0,1136.0,4.0
1.0,1136.0,4.0
1.0,1136.0,4.0
1.0,1136.0,4.0
1.0,1136.0,4.0
0.0,16466.0,3.0
0.0,16466.0,3.0
0.0,16466.0,3.0
0.0,536.0,5.0
0.0,536.0,5.0
0.0,17316.0,0.0
0.0,17316.0,0.0
0.0,17316.0,0.0
2.0,2560.0,0.0
2.0,2560.0,0.0
2.0,2560.0,0.0
2.0,2560.0,0.0
0.0,502.0,0.0
0.0,502.0,0.0
0.0,502.0,0.0
0.0,502.0,0.0
0.0,502.0,0.0
0.0,502.0,0.0
0.0,1332.0,0.0
0.0,1332.0,0.0
0.0,1332.0,0.0
0.0,4996.0,4.0
0.0,4996.0,4.0
0.0,4996.0,4.0
0.0,4996.0,4.0
0.0,2550.0,2.0
0.0,2550.0,2.0
0.0,2550.0,2.0
0.0,2550.0,2.0
0.0,2550.0,2.0
0.0,2550.0,2.0
0.0,3241.0,0.0
0.0,3241.0,0.0
0.0,3241.0,0.0
0.0,3241.0,0.0
0.0,3241.0,0.0
0.0,3241.0,0.0
0.0,2080.0,2.0
0.0,2080.0,2.0
0.0,2080.0,2.0
0.0,2080.0,2.0
2.0,401246.0,2.0
2.0,401246.0,2.0
2.0,401246.0,2.0
2.0,401246.0,2.0
2.0,401246.0,2.0
0.0,657.0,0.0
0.0,657.0,0.0
0.0,4255.0,2.0
0.0,4255.0,2.0
0.0,4255.0,2.0
0.0,4255.0,2.0
0.0,4255.0,2.0
0.0,4255.0,2.0
0.0,4255.0,2.0
0.0,72378.0,2.0
0.0,72378.0,2.0
0.0,72378.0,2.0
0.0,72378.0,2.0
0.0,72378.0,2.0
0.0,72378.0,2.0
0.0,72378.0,2.0
0.0,1352.0,0.0
0.0,1352.0,0.0
0.0,1352.0,0.0
0.0,684.0,4.0
0.0,684.0,4.0
0.0,684.0,4.0
0.0,684.0,4.0
0.0,762.0,0.0
0.0,762.0,0.0
0.0,762.0,0.0
0.0,6600.0,4.0
0.0,6600.0,4.0
0.0,6600.0,4.0
0.0,6600.0,4.0
0.0,6600.0,4.0
0.0,6600.0,4.0
0.0,706.0,0.0
0.0,706.0,0.0
0.0,706.0,0.0
0.0,706.0,0.0
1.0,642.0,4.0
1.0,642.0,4.0
0.0,2467.0,0.0
0.0,2467.0,0.0
2.0,5863.0,0.0
2.0,5863.0,0.0
2.0,5863.0,0.0
2.0,5863.0,0.0
0.0,12502.0,4.0
0.0,12502.0,4.0
0.0,12502.0,4.0
0.0,12502.0,4.0
0.0,12502.0,4.0
0.0,12200.0,5.0
0.0,12200.0,5.0
0.0,12200.0,5.0
0.0,516.0,4.0
0.0,516.0,4.0
0.0,516.0,4.0
0.0,516.0,4.0
2.0,2243.0,0.0
2.0,2243.0,0.0
2.0,2243.0,0.0
2.0,2243.0,0.0
0.0,983.0,2.0
0.0,983.0,2.0
0.0,983.0,2.0
0.0,17031.0,0.0
0.0,17031.0,0.0
0.0,17031.0,0.0
0.0,17031.0,0.0
0.0,17031.0,0.0
0.0,518.0,0.0
0.0,518.0,0.0
0.0,518.0,0.0
0.0,663.0,0.0
0.0,663.0,0.0
0.0,663.0,0.0
0.0,663.0,0.0
0.0,3810.0,0.0
0.0,3810.0,0.0
0.0,3810.0,0.0
0.0,3810.0,0.0
0.0,6209.0,3.0
0.0,6209.0,3.0
0.0,963.0,0.0
0.0,963.0,0.0
0.0,963.0,0.0
0.0,963.0,0.0
0.0,963.0,0.0
0.0,963.0,0.0
0.0,506.0,0.0
0.0,506.0,0.0
0.0,506.0,0.0
0.0,506.0,0.0
0.0,963.0,0.0
0.0,2560.0,2.0
0.0,2560.0,2.0
1.0,1684.0,0.0
1.0,1684.0,0.0
1.0,1684.0,0.0
1.0,1684.0,0.0
0.0,91807.0,0.0
0.0,91807.0,0.0
0.0,91807.0,0.0
0.0,91807.0,0.0
0.0,4899.0,0.0
0.0,4899.0,0.0
0.0,4899.0,0.0
0.0,4899.0,0.0
0.0,8816.0,0.0
0.0,8816.0,0.0
0.0,8816.0,0.0
0.0,2376.0,2.0
0.0,2376.0,2.0
0.0,2376.0,2.0
0.0,2444.0,4.0
0.0,2444.0,4.0
0.0,2444.0,4.0
0.0,2444.0,4.0
0.0,532.0,4.0
0.0,532.0,4.0
0.0,532.0,4.0
0.0,532.0,4.0
0.0,532.0,4.0
0.0,532.0,4.0
2.0,8803.0,5.0
2.0,8803.0,5.0
2.0,8803.0,5.0
2.0,8803.0,5.0
2.0,8803.0,5.0
0.0,1286.0,0.0
0.0,1286.0,0.0
0.0,1286.0,0.0
0.0,1286.0,0.0
0.0,1286.0,0.0
2.0,2649.0,1.0
2.0,2649.0,1.0
2.0,2649.0,1.0
2.0,2649.0,1.0
2.0,1861.0,4.0
2.0,1861.0,4.0
2.0,1861.0,4.0
1.0,1171.0,3.0
1.0,1171.0,3.0
1.0,1171.0,3.0
0.0,2152.0,4.0
0.0,2152.0,4.0
0.0,2152.0,4.0
0.0,1112.0,0.0
0.0,1112.0,0.0
0.0,14111.0,0.0
0.0,14111.0,0.0
0.0,14111.0,0.0
0.0,14111.0,0.0
1.0,583.0,2.0
1.0,583.0,2.0
1.0,583.0,2.0
2.0,574.0,2.0
2.0,574.0,2.0
2.0,574.0,2.0
0.0,5119.0,4.0
0.0,5119.0,4.0
0.0,5119.0,4.0
0.0,5119.0,4.0
2.0,1277.0,2.0
2.0,1277.0,2.0
2.0,1277.0,2.0
2.0,1277.0,2.0
2.0,1277.0,2.0
2.0,805.0,0.0
2.0,805.0,0.0
2.0,805.0,0.0
2.0,805.0,0.0
2.0,68900.0,0.0
2.0,68900.0,0.0
2.0,68900.0,0.0
2.0,68900.0,0.0
2.0,68900.0,0.0
2.0,12573.0,4.0
2.0,12573.0,4.0
2.0,12573.0,4.0
2.0,12573.0,4.0
2.0,12573.0,4.0
0.0,2313.0,0.0
0.0,2313.0,0.0
0.0,2313.0,0.0
2.0,115158.0,0.0
2.0,115158.0,0.0
2.0,115158.0,0.0
2.0,115158.0,0.0
2.0,115158.0,0.0
0.0,540.0,0.0
0.0,540.0,0.0
0.0,667.0,0.0
0.0,667.0,0.0
0.0,25357.0,5.0
0.0,25357.0,5.0
2.0,3324.0,4.0
2.0,3324.0,4.0
2.0,3324.0,4.0
2.0,696.0,0.0
2.0,696.0,0.0
2.0,696.0,0.0
2.0,696.0,0.0
2.0,1456.0,5.0
2.0,1456.0,5.0
2.0,1456.0,5.0
0.0,596.0,3.0
0.0,596.0,3.0
0.0,596.0,3.0
0.0,596.0,3.0
0.0,596.0,3.0
0.0,1166.0,0.0
0.0,1166.0,0.0
0.0,1166.0,0.0
0.0,1166.0,0.0
0.0,4883.0,2.0
0.0,4883.0,2.0
2.0,128598.0,0.0
2.0,128598.0,0.0
2.0,128598.0,0.0
2.0,128598.0,0.0
2.0,1098.0,0.0
2.0,1098.0,0.0
2.0,1098.0,0.0
2.0,1098.0,0.0
2.0,1098.0,0.0
0.0,533.0,5.0
0.0,533.0,5.0
0.0,533.0,5.0
0.0,533.0,5.0
0.0,533.0,5.0
0.0,533.0,5.0
0.0,1742.0,1.0
0.0,1742.0,1.0
0.0,1742.0,1.0
0.0,1742.0,1.0
0.0,956.0,2.0
0.0,956.0,2.0
0.0,956.0,2.0
0.0,1557.0,0.0
0.0,1557.0,0.0
2.0,519.0,2.0
2.0,519.0,2.0
2.0,519.0,2.0
2.0,519.0,2.0
2.0,519.0,2.0
2.0,519.0,2.0
2.0,519.0,2.0
2.0,1607.0,4.0
2.0,1607.0,4.0
2.0,1607.0,4.0
2.0,1607.0,4.0
2.0,1607.0,4.0
2.0,1607.0,4.0
0.0,609.0,0.0
0.0,609.0,0.0
0.0,609.0,0.0
0.0,609.0,0.0
0.0,609.0,0.0
0.0,516.0,0.0
0.0,516.0,0.0
0.0,516.0,0.0
0.0,2384.0,5.0
0.0,2384.0,5.0
0.0,2384.0,5.0
1.0,13442.0,0.0
1.0,13442.0,0.0
1.0,13442.0,0.0
1.0,13442.0,0.0
1.0,13442.0,0.0
0.0,1690.0,4.0
0.0,1690.0,4.0
0.0,1690.0,4.0
0.0,1690.0,4.0
0.0,1690.0,4.0
0.0,1690.0,4.0
0.0,1690.0,4.0
2.0,1196.0,2.0
2.0,1196.0,2.0
2.0,1196.0,2.0
2.0,1196.0,2.0
0.0,5907.0,0.0
0.0,5907.0,0.0
0.0,4837.0,0.0
0.0,4837.0,0.0
0.0,4837.0,0.0
2.0,2194.0,0.0
2.0,2194.0,0.0
2.0,2194.0,0.0
2.0,2194.0,0.0
2.0,2194.0,0.0
0.0,680.0,0.0
0.0,680.0,0.0
0.0,680.0,0.0
2.0,797.0,1.0
2.0,797.0,1.0
0.0,5931.0,0.0
0.0,5931.0,0.0
0.0,5931.0,0.0
0.0,27175.0,4.0
0.0,27175.0,4.0
0.0,27175.0,4.0
2.0,992.0,2.0
2.0,992.0,2.0
2.0,992.0,2.0
2.0,992.0,2.0
2.0,992.0,2.0
2.0,992.0,2.0
2.0,992.0,2.0
0.0,8127.0,2.0
0.0,8127.0,2.0
0.0,8127.0,2.0
2.0,992.0,2.0
2.0,992.0,2.0
2.0,992.0,2.0
0.0,1148.0,0.0
0.0,1148.0,0.0
0.0,1148.0,0.0
0.0,1148.0,0.0
0.0,1588.0,0.0
0.0,1588.0,0.0
0.0,1588.0,0.0
0.0,604.0,0.0
0.0,604.0,0.0
0.0,604.0,0.0
0.0,1838.0,0.0
0.0,1838.0,0.0
0.0,1838.0,0.0
0.0,1553.0,0.0
0.0,1553.0,0.0
0.0,647.0,0.0
0.0,647.0,0.0
0.0,647.0,0.0
0.0,647.0,0.0
0.0,2783.0,0.0
0.0,2783.0,0.0
0.0,2783.0,0.0
0.0,2783.0,0.0
2.0,3695.0,0.0
2.0,3695.0,0.0
2.0,3695.0,0.0
0.0,702.0,2.0
0.0,702.0,2.0
0.0,702.0,2.0
0.0,702.0,2.0
0.0,702.0,2.0
0.0,702.0,2.0
0.0,702.0,2.0
0.0,131260.0,4.0
0.0,131260.0,4.0
0.0,131260.0,4.0
0.0,131260.0,4.0
0.0,1398.0,0.0
0.0,1398.0,0.0
2.0,1221.0,0.0
2.0,1221.0,0.0
2.0,1221.0,0.0
2.0,1221.0,0.0
0.0,1568.0,0.0
0.0,1568.0,0.0
0.0,1568.0,0.0
0.0,1568.0,0.0
0.0,1568.0,0.0
2.0,1787.0,0.0
2.0,1787.0,0.0
2.0,1787.0,0.0
2.0,1787.0,0.0
2.0,1787.0,0.0
1.0,2064.0,1.0
1.0,2064.0,1.0
0.0,1151.0,0.0
0.0,1151.0,0.0
2.0,3357.0,3.0
2.0,3357.0,3.0
2.0,3357.0,3.0
0.0,1026.0,0.0
0.0,1026.0,0.0
0.0,1026.0,0.0
0.0,1026.0,0.0
2.0,2793.0,3.0
2.0,2793.0,3.0
2.0,2793.0,3.0
2.0,2793.0,3.0
2.0,2793.0,3.0
2.0,2793.0,3.0
0.0,1210.0,0.0
0.0,1210.0,0.0
0.0,1210.0,0.0
0.0,1210.0,0.0
0.0,1210.0,0.0
0.0,1210.0,0.0
0.0,8577.0,1.0
0.0,8577.0,1.0
0.0,8577.0,1.0
0.0,8577.0,1.0
0.0,6306.0,0.0
0.0,6306.0,0.0
0.0,6306.0,0.0
0.0,6306.0,0.0
0.0,33480.0,0.0
0.0,33480.0,0.0
0.0,33480.0,0.0
0.0,33480.0,0.0
0.0,33480.0,0.0
1.0,1336.0,3.0
1.0,1336.0,3.0
1.0,1336.0,3.0
2.0,1295.0,0.0
2.0,1295.0,0.0
2.0,1295.0,0.0
0.0,2290.0,0.0
0.0,2290.0,0.0
0.0,2290.0,0.0
0.0,1787.0,0.0
0.0,1787.0,0.0
0.0,34455.0,4.0
0.0,34455.0,4.0
0.0,34455.0,4.0
0.0,34455.0,4.0
0.0,34455.0,4.0
0.0,566.0,0.0
0.0,566.0,0.0
0.0,566.0,0.0
0.0,566.0,0.0
0.0,1205.0,2.0
0.0,1205.0,2.0
0.0,1205.0,2.0
0.0,18330.0,4.0
0.0,18330.0,4.0
0.0,18330.0,4.0
0.0,18330.0,4.0
0.0,18330.0,4.0
0.0,18330.0,4.0
0.0,1185.0,4.0
0.0,1185.0,4.0
0.0,1155.0,4.0
0.0,1155.0,4.0
0.0,1155.0,4.0
0.0,1155.0,4.0
0.0,29322.0,0.0
0.0,29322.0,0.0
0.0,29322.0,0.0
0.0,615.0,2.0
0.0,615.0,2.0
0.0,615.0,2.0
0.0,615.0,2.0
0.0,1046.0,0.0
0.0,1046.0,0.0
0.0,1046.0,0.0
0.0,1046.0,0.0
0.0,5872.0,1.0
0.0,5872.0,1.0
0.0,5872.0,1.0
0.0,5872.0,1.0
0.0,5872.0,1.0
0.0,5872.0,1.0
0.0,5872.0,1.0
0.0,5872.0,1.0
0.0,5872.0,1.0
0.0,5872.0,1.0
0.0,5872.0,1.0
0.0,5872.0,1.0
0.0,5872.0,1.0
0.0,5872.0,1.0
0.0,5872.0,1.0
0.0,5872.0,1.0
0.0,1669.0,0.0
0.0,1669.0,0.0
0.0,1669.0,0.0
0.0,4305.0,4.0
0.0,4305.0,4.0
0.0,4305.0,4.0
0.0,4305.0,4.0
2.0,840.0,0.0
2.0,840.0,0.0
2.0,840.0,0.0
0.0,781.0,0.0
0.0,781.0,0.0
2.0,1334.0,3.0
2.0,1334.0,3.0
2.0,1334.0,3.0
2.0,1334.0,3.0
2.0,1334.0,3.0
2.0,1334.0,3.0
0.0,1600.0,0.0
0.0,1600.0,0.0
0.0,1600.0,0.0
0.0,1600.0,0.0
0.0,1600.0,0.0
0.0,1600.0,0.0
0.0,1600.0,0.0
0.0,1600.0,0.0
0.0,1600.0,0.0
0.0,1600.0,0.0
1.0,866.0,2.0
1.0,866.0,2.0
1.0,866.0,2.0
1.0,866.0,2.0
1.0,866.0,2.0
1.0,866.0,2.0
2.0,877.0,4.0
2.0,877.0,4.0
2.0,877.0,4.0
2.0,877.0,4.0
2.0,877.0,4.0
2.0,877.0,4.0
0.0,20215.0,4.0
0.0,20215.0,4.0
0.0,20215.0,4.0
0.0,20215.0,4.0
2.0,581.0,0.0
2.0,581.0,0.0
2.0,581.0,0.0
2.0,581.0,0.0
2.0,581.0,0.0
0.0,891.0,0.0
0.0,891.0,0.0
0.0,891.0,0.0
0.0,891.0,0.0
0.0,891.0,0.0
0.0,891.0,0.0
0.0,891.0,0.0
0.0,891.0,0.0
0.0,2237.0,0.0
0.0,2237.0,0.0
0.0,2237.0,0.0
0.0,876.0,0.0
0.0,876.0,0.0
0.0,876.0,0.0
0.0,876.0,0.0
0.0,876.0,0.0
0.0,876.0,0.0
0.0,2079648.0,0.0
0.0,2079648.0,0.0
0.0,2079648.0,0.0
0.0,2079648.0,0.0
0.0,2079648.0,0.0
0.0,2079648.0,0.0
0.0,2079648.0,0.0
0.0,2079648.0,0.0
0.0,639.0,0.0
0.0,639.0,0.0
0.0,600.0,4.0
0.0,600.0,4.0
0.0,600.0,4.0
0.0,600.0,4.0
2.0,3268.0,2.0
2.0,3268.0,2.0
2.0,3268.0,2.0
2.0,3268.0,2.0
2.0,3268.0,2.0
2.0,3268.0,2.0
0.0,32950.0,0.0
0.0,32950.0,0.0
0.0,32950.0,0.0
0.0,32950.0,0.0
2.0,2040.0,0.0
2.0,2040.0,0.0
2.0,2040.0,0.0
2.0,2040.0,0.0
0.0,3223.0,0.0
0.0,3223.0,0.0
0.0,3223.0,0.0
0.0,3223.0,0.0
0.0,3223.0,0.0
0.0,911.0,0.0
0.0,911.0,0.0
0.0,911.0,0.0
0.0,911.0,0.0
1.0,1687.0,4.0
1.0,1687.0,4.0
2.0,1331.0,2.0
2.0,1331.0,2.0
2.0,1331.0,2.0
2.0,1331.0,2.0
0.0,690.0,0.0
0.0,690.0,0.0
2.0,2839.0,2.0
2.0,2839.0,2.0
2.0,2839.0,2.0
2.0,2839.0,2.0
2.0,2839.0,2.0
2.0,67410.0,0.0
2.0,67410.0,0.0
2.0,67410.0,0.0
0.0,108927.0,4.0
0.0,108927.0,4.0
0.0,108927.0,4.0
0.0,108927.0,4.0
0.0,108927.0,4.0
0.0,108927.0,4.0
0.0,7781.0,4.0
0.0,7781.0,4.0
0.0,7781.0,4.0
0.0,7781.0,4.0
0.0,7781.0,4.0
0.0,7781.0,4.0
0.0,7781.0,4.0
0.0,7781.0,4.0
0.0,7781.0,4.0
2.0,1145.0,0.0
2.0,1145.0,0.0
2.0,1145.0,0.0
0.0,3572.0,4.0
0.0,3572.0,4.0
0.0,3572.0,4.0
0.0,3572.0,4.0
0.0,3572.0,4.0
0.0,4253.0,5.0
0.0,4253.0,5.0
0.0,4253.0,5.0
0.0,4253.0,5.0
0.0,4253.0,5.0
2.0,532.0,3.0
2.0,532.0,3.0
2.0,532.0,3.0
2.0,532.0,3.0
2.0,532.0,3.0
0.0,685.0,0.0
0.0,685.0,0.0
0.0,685.0,0.0
0.0,685.0,0.0
0.0,685.0,0.0
0.0,685.0,0.0
0.0,685.0,0.0
0.0,685.0,0.0
0.0,685.0,0.0
0.0,1692.0,0.0
0.0,1692.0,0.0
0.0,1692.0,0.0
0.0,1692.0,0.0
0.0,1692.0,0.0
0.0,1692.0,0.0
0.0,1692.0,0.0
0.0,582.0,5.0
0.0,582.0,5.0
0.0,582.0,5.0
0.0,1625.0,2.0
0.0,1625.0,2.0
0.0,1625.0,2.0
0.0,762.0,2.0
0.0,762.0,2.0
0.0,762.0,2.0
2.0,691.0,0.0
2.0,691.0,0.0
2.0,691.0,0.0
0.0,628569.0,4.0
0.0,628569.0,4.0
0.0,628569.0,4.0
0.0,628569.0,4.0
0.0,628569.0,4.0
0.0,628569.0,4.0
0.0,693.0,0.0
0.0,693.0,0.0
0.0,693.0,0.0
0.0,693.0,0.0
0.0,693.0,0.0
0.0,693.0,0.0
0.0,693.0,0.0
0.0,693.0,0.0
0.0,693.0,0.0
0.0,693.0,0.0
2.0,671.0,2.0
2.0,671.0,2.0
2.0,671.0,2.0
2.0,3078.0,0.0
2.0,3078.0,0.0
2.0,3078.0,0.0
2.0,3078.0,0.0
2.0,3078.0,0.0
2.0,3078.0,0.0
0.0,815.0,0.0
0.0,815.0,0.0
0.0,815.0,0.0
0.0,815.0,0.0
2.0,664.0,5.0
2.0,664.0,5.0
2.0,664.0,5.0
2.0,664.0,5.0
2.0,664.0,5.0
2.0,664.0,5.0
0.0,6141.0,4.0
0.0,6141.0,4.0
0.0,6141.0,4.0
0.0,6141.0,4.0
0.0,6141.0,4.0
0.0,6141.0,4.0
1.0,3798.0,0.0
1.0,3798.0,0.0
0.0,1712.0,2.0
0.0,1712.0,2.0
0.0,1712.0,2.0
0.0,657.0,2.0
0.0,657.0,2.0
0.0,657.0,2.0
0.0,1095.0,0.0
0.0,1095.0,0.0
0.0,1095.0,0.0
0.0,1095.0,0.0
0.0,1462.0,0.0
0.0,1462.0,0.0
0.0,895.0,4.0
0.0,895.0,4.0
0.0,895.0,4.0
0.0,895.0,4.0
0.0,895.0,4.0
0.0,895.0,4.0
0.0,7945.0,4.0
0.0,7945.0,4.0
0.0,7945.0,4.0
0.0,7945.0,4.0
0.0,7945.0,4.0
0.0,7945.0,4.0
0.0,22095.0,0.0
0.0,22095.0,0.0
0.0,22095.0,0.0
0.0,22095.0,0.0
0.0,4278.0,0.0
0.0,4278.0,0.0
0.0,4278.0,0.0
0.0,1596.0,0.0
0.0,1596.0,0.0
0.0,1596.0,0.0
0.0,1596.0,0.0
0.0,1596.0,0.0
0.0,625.0,4.0
0.0,625.0,4.0
0.0,3712.0,0.0
0.0,3712.0,0.0
0.0,3712.0,0.0
0.0,3712.0,0.0
0.0,731.0,0.0
0.0,731.0,0.0
0.0,731.0,0.0
2.0,13357.0,4.0
2.0,13357.0,4.0
2.0,13357.0,4.0
2.0,13357.0,4.0
2.0,13357.0,4.0
0.0,9581.0,0.0
0.0,9581.0,0.0
0.0,9581.0,0.0
0.0,1313.0,4.0
0.0,1313.0,4.0
0.0,1313.0,4.0
0.0,1313.0,4.0
0.0,1313.0,4.0
0.0,1313.0,4.0
0.0,1313.0,4.0
0.0,1313.0,4.0
0.0,1313.0,4.0
0.0,748.0,0.0
0.0,748.0,0.0
0.0,748.0,0.0
0.0,748.0,0.0
0.0,748.0,0.0
0.0,568.0,0.0
0.0,568.0,0.0
1.0,18228.0,0.0
1.0,18228.0,0.0
1.0,10942.0,0.0
1.0,10942.0,0.0
1.0,17556.0,0.0
1.0,17556.0,0.0
1.0,8655.0,0.0
1.0,8655.0,0.0
0.0,3118.0,0.0
0.0,3118.0,0.0
0.0,4774.0,0.0
0.0,4774.0,0.0
0.0,4302.0,0.0
0.0,4302.0,0.0
0.0,4302.0,0.0
0.0,1147.0,0.0
0.0,1147.0,0.0
0.0,1147.0,0.0
0.0,581.0,0.0
0.0,581.0,0.0
0.0,4693.0,0.0
0.0,4693.0,0.0
0.0,4693.0,0.0
0.0,4693.0,0.0
0.0,4693.0,0.0
0.0,4693.0,0.0
0.0,4693.0,0.0
0.0,1168.0,4.0
0.0,1168.0,4.0
0.0,1168.0,4.0
0.0,1168.0,4.0
0.0,1168.0,4.0
0.0,1168.0,4.0
0.0,1168.0,4.0
0.0,1168.0,4.0
0.0,5729.0,4.0
0.0,5729.0,4.0
0.0,5729.0,4.0
0.0,3225.0,4.0
0.0,3225.0,4.0
0.0,3225.0,4.0
0.0,3225.0,4.0
0.0,3225.0,4.0
0.0,3225.0,4.0
0.0,3225.0,4.0
0.0,1058.0,3.0
0.0,1058.0,3.0
0.0,1058.0,3.0
0.0,1058.0,3.0
0.0,696.0,2.0
0.0,696.0,2.0
0.0,696.0,2.0
0.0,696.0,2.0
0.0,696.0,2.0
0.0,696.0,2.0
0.0,696.0,2.0
0.0,696.0,2.0
1.0,2187.0,2.0
1.0,2187.0,2.0
1.0,2187.0,2.0
0.0,717.0,2.0
0.0,717.0,2.0
0.0,717.0,2.0
0.0,816.0,0.0
0.0,816.0,0.0
0.0,1109.0,0.0
0.0,1109.0,0.0
0.0,1109.0,0.0
0.0,1109.0,0.0
0.0,1109.0,0.0
0.0,1109.0,0.0
0.0,1109.0,0.0
0.0,918.0,0.0
0.0,918.0,0.0
0.0,918.0,0.0
0.0,1376.0,0.0
0.0,1376.0,0.0
0.0,1376.0,0.0
0.0,1376.0,0.0
0.0,3000.0,0.0
0.0,3000.0,0.0
0.0,772.0,4.0
0.0,772.0,4.0
0.0,772.0,4.0
0.0,772.0,4.0
0.0,772.0,4.0
0.0,772.0,4.0
0.0,772.0,4.0
0.0,772.0,4.0
0.0,2486.0,0.0
0.0,2486.0,0.0
0.0,2486.0,0.0
0.0,6909.0,0.0
0.0,6909.0,0.0
0.0,6909.0,0.0
0.0,6909.0,0.0
0.0,6909.0,0.0
0.0,6909.0,0.0
0.0,6909.0,0.0
0.0,6909.0,0.0
2.0,1610.0,0.0
2.0,1610.0,0.0
2.0,1610.0,0.0
2.0,1610.0,0.0
1.0,16727.0,5.0
1.0,16727.0,5.0
0.0,2249.0,3.0
0.0,2249.0,3.0
0.0,610.0,0.0
0.0,610.0,0.0
0.0,610.0,0.0
0.0,610.0,0.0
0.0,610.0,0.0
0.0,610.0,0.0
0.0,610.0,0.0
0.0,2785.0,4.0
0.0,2785.0,4.0
0.0,3000.0,4.0
0.0,3000.0,4.0
0.0,3000.0,4.0
0.0,3000.0,4.0
0.0,3000.0,4.0
0.0,3000.0,4.0
0.0,3000.0,4.0
0.0,3000.0,4.0
0.0,3000.0,4.0
0.0,103557.0,0.0
0.0,103557.0,0.0
0.0,103557.0,0.0
0.0,103557.0,0.0
0.0,103557.0,0.0
0.0,103557.0,0.0
0.0,103557.0,0.0
0.0,103557.0,0.0
2.0,3575.0,4.0
2.0,3575.0,4.0
2.0,3575.0,4.0
2.0,3575.0,4.0
2.0,3575.0,4.0
0.0,1311.0,0.0
0.0,1311.0,0.0
0.0,1311.0,0.0
0.0,1311.0,0.0
2.0,483904.0,3.0
2.0,483904.0,3.0
2.0,483904.0,3.0
2.0,483904.0,3.0
2.0,483904.0,3.0
0.0,2028.0,0.0
0.0,2028.0,0.0
2.0,6581.0,2.0
2.0,6581.0,2.0
2.0,6581.0,2.0
2.0,6581.0,2.0
0.0,108906.0,4.0
0.0,108906.0,4.0
0.0,108906.0,4.0
0.0,108906.0,4.0
0.0,108906.0,4.0
0.0,108906.0,4.0
0.0,108906.0,4.0
0.0,108906.0,4.0
0.0,1493.0,0.0
0.0,1493.0,0.0
0.0,1493.0,0.0
0.0,1493.0,0.0
0.0,1493.0,0.0
2.0,729.0,0.0
2.0,729.0,0.0
2.0,729.0,0.0
2.0,729.0,0.0
2.0,156630.0,2.0
2.0,156630.0,2.0
2.0,156630.0,2.0
2.0,156630.0,2.0
2.0,156630.0,2.0
0.0,1260.0,3.0
0.0,1260.0,3.0
0.0,1260.0,3.0
0.0,1260.0,3.0
2.0,42633.0,0.0
2.0,42633.0,0.0
2.0,42633.0,0.0
2.0,42633.0,0.0
2.0,42633.0,0.0
2.0,42633.0,0.0
0.0,53256.0,0.0
0.0,53256.0,0.0
0.0,53256.0,0.0
0.0,634.0,0.0
0.0,634.0,0.0
0.0,634.0,0.0
0.0,694.0,4.0
0.0,694.0,4.0
0.0,694.0,4.0
0.0,694.0,4.0
0.0,694.0,4.0
0.0,521.0,0.0
0.0,521.0,0.0
0.0,521.0,0.0
0.0,521.0,0.0
0.0,521.0,0.0
0.0,521.0,0.0
0.0,521.0,0.0
0.0,521.0,0.0
0.0,521.0,0.0
0.0,521.0,0.0
2.0,13396.0,0.0
2.0,13396.0,0.0
2.0,13396.0,0.0
2.0,52606.0,2.0
2.0,52606.0,2.0
2.0,52606.0,2.0
2.0,52606.0,2.0
2.0,52606.0,2.0
0.0,621.0,0.0
0.0,621.0,0.0
0.0,621.0,0.0
0.0,621.0,0.0
0.0,621.0,0.0
0.0,621.0,0.0
0.0,691.0,0.0
0.0,691.0,0.0
2.0,1028.0,0.0
2.0,1028.0,0.0
2.0,1028.0,0.0
2.0,1028.0,0.0
2.0,1028.0,0.0
2.0,1028.0,0.0
2.0,1028.0,0.0
2.0,1743.0,1.0
2.0,1743.0,1.0
2.0,1743.0,1.0
2.0,1743.0,1.0
0.0,831.0,2.0
0.0,831.0,2.0
0.0,831.0,2.0
0.0,831.0,2.0
0.0,4231.0,2.0
0.0,4231.0,2.0
0.0,4231.0,2.0
0.0,19092.0,4.0
0.0,19092.0,4.0
0.0,19092.0,4.0
0.0,19092.0,4.0
2.0,1442.0,0.0
2.0,1442.0,0.0
2.0,1442.0,0.0
2.0,1442.0,0.0
2.0,1442.0,0.0
2.0,1442.0,0.0
2.0,531.0,0.0
2.0,531.0,0.0
2.0,531.0,0.0
2.0,531.0,0.0
2.0,531.0,0.0
2.0,531.0,0.0
2.0,37050.0,4.0
2.0,37050.0,4.0
2.0,37050.0,4.0
2.0,37050.0,4.0
0.0,584.0,2.0
0.0,584.0,2.0
0.0,584.0,2.0
1.0,1511.0,2.0
1.0,1511.0,2.0
1.0,1511.0,2.0
0.0,72139.0,1.0
0.0,72139.0,1.0
0.0,72139.0,1.0
0.0,72139.0,1.0
0.0,72139.0,1.0
0.0,72139.0,1.0
0.0,72139.0,1.0
0.0,72139.0,1.0
0.0,72139.0,1.0
2.0,4597.0,0.0
2.0,4597.0,0.0
2.0,4597.0,0.0
2.0,4597.0,0.0
2.0,4597.0,0.0
2.0,4597.0,0.0
2.0,4597.0,0.0
2.0,4597.0,0.0
0.0,1352.0,4.0
0.0,1352.0,4.0
0.0,1352.0,4.0
0.0,1352.0,4.0
0.0,1352.0,4.0
0.0,1352.0,4.0
0.0,1352.0,4.0
0.0,1352.0,4.0
0.0,1352.0,4.0
0.0,1352.0,4.0
2.0,4143.0,0.0
2.0,4143.0,0.0
2.0,4143.0,0.0
2.0,4143.0,0.0
2.0,4143.0,0.0
2.0,2666.0,2.0
2.0,2666.0,2.0
2.0,2666.0,2.0
2.0,2666.0,2.0
2.0,2666.0,2.0
2.0,2666.0,2.0
0.0,937.0,0.0
0.0,937.0,0.0
0.0,937.0,0.0
2.0,78834.0,4.0
2.0,78834.0,4.0
2.0,78834.0,4.0
2.0,78834.0,4.0
2.0,78834.0,4.0
2.0,78834.0,4.0
2.0,6889.0,2.0
2.0,6889.0,2.0
2.0,6889.0,2.0
2.0,6889.0,2.0
0.0,1273.0,0.0
0.0,1273.0,0.0
0.0,1273.0,0.0
0.0,1273.0,0.0
0.0,1273.0,0.0
0.0,1273.0,0.0
0.0,1273.0,0.0
0.0,1273.0,0.0
0.0,1273.0,0.0
2.0,2968.0,4.0
2.0,2968.0,4.0
2.0,2968.0,4.0
0.0,518.0,2.0
0.0,518.0,2.0
0.0,518.0,2.0
0.0,518.0,2.0
0.0,3806.0,2.0
0.0,3806.0,2.0
0.0,3806.0,2.0
0.0,3806.0,2.0
0.0,3806.0,2.0
0.0,1479.0,0.0
0.0,1479.0,0.0
0.0,1479.0,0.0
0.0,1479.0,0.0
0.0,1479.0,0.0
0.0,1479.0,0.0
0.0,1479.0,0.0
0.0,6493.0,0.0
0.0,6493.0,0.0
0.0,6493.0,0.0
1.0,655.0,0.0
1.0,655.0,0.0
0.0,69589.0,4.0
0.0,69589.0,4.0
0.0,1157.0,2.0
0.0,1157.0,2.0
0.0,1157.0,2.0
0.0,1157.0,2.0
0.0,1157.0,2.0
0.0,1157.0,2.0
0.0,1157.0,2.0
0.0,1157.0,2.0
0.0,1327.0,0.0
0.0,1327.0,0.0
0.0,920.0,4.0
0.0,920.0,4.0
0.0,920.0,4.0
0.0,920.0,4.0
0.0,920.0,4.0
0.0,920.0,4.0
2.0,20509.0,1.0
2.0,20509.0,1.0
2.0,20509.0,1.0
0.0,2862.0,5.0
0.0,2862.0,5.0
2.0,34026.0,2.0
2.0,34026.0,2.0
2.0,34026.0,2.0
2.0,34026.0,2.0
2.0,34026.0,2.0
2.0,1844.0,4.0
2.0,1844.0,4.0
2.0,1844.0,4.0
2.0,1844.0,4.0
0.0,2162.0,4.0
0.0,2162.0,4.0
0.0,2162.0,4.0
0.0,2162.0,4.0
0.0,2162.0,4.0
0.0,2162.0,4.0
0.0,2162.0,4.0
0.0,2162.0,4.0
0.0,83848.0,4.0
0.0,83848.0,4.0
0.0,83848.0,4.0
0.0,83848.0,4.0
1.0,739.0,4.0
1.0,739.0,4.0
1.0,739.0,4.0
1.0,739.0,4.0
0.0,901.0,2.0
0.0,901.0,2.0
0.0,901.0,2.0
1.0,554.0,4.0
1.0,554.0,4.0
0.0,18346.0,2.0
0.0,18346.0,2.0
0.0,18346.0,2.0
0.0,18346.0,2.0
0.0,1277.0,0.0
0.0,1277.0,0.0
0.0,704.0,0.0
0.0,704.0,0.0
0.0,704.0,0.0
0.0,704.0,0.0
0.0,704.0,0.0
0.0,704.0,0.0
0.0,704.0,0.0
0.0,704.0,0.0
0.0,704.0,0.0
0.0,704.0,0.0
0.0,704.0,0.0
0.0,704.0,0.0
0.0,704.0,0.0
0.0,704.0,0.0
0.0,704.0,0.0
0.0,704.0,0.0
0.0,704.0,0.0
0.0,704.0,0.0
0.0,704.0,0.0
0.0,704.0,0.0
0.0,3818.0,0.0
0.0,3818.0,0.0
0.0,3818.0,0.0
0.0,3818.0,0.0
0.0,3818.0,0.0
0.0,3818.0,0.0
0.0,3818.0,0.0
0.0,4639.0,0.0
0.0,4639.0,0.0
0.0,4639.0,0.0
0.0,4639.0,0.0
2.0,735.0,3.0
2.0,735.0,3.0
2.0,735.0,3.0
0.0,1021.0,4.0
0.0,1021.0,4.0
0.0,1021.0,4.0
0.0,1021.0,4.0
0.0,1303.0,4.0
0.0,1303.0,4.0
0.0,1303.0,4.0
0.0,629.0,0.0
0.0,629.0,0.0
0.0,629.0,0.0
1.0,36994.0,4.0
1.0,36994.0,4.0
1.0,36994.0,4.0
0.0,1018.0,4.0
0.0,1018.0,4.0
0.0,1018.0,4.0
0.0,1018.0,4.0
0.0,1018.0,4.0
2.0,65076.0,4.0
2.0,65076.0,4.0
2.0,65076.0,4.0
2.0,65076.0,4.0
2.0,65076.0,4.0
2.0,65076.0,4.0
0.0,648.0,0.0
0.0,648.0,0.0
0.0,648.0,0.0
0.0,648.0,0.0
0.0,5164.0,1.0
0.0,5164.0,1.0
0.0,5164.0,1.0
0.0,5164.0,1.0
0.0,5164.0,1.0
0.0,5164.0,1.0
0.0,1321.0,0.0
0.0,1321.0,0.0
0.0,1321.0,0.0
0.0,630.0,3.0
0.0,630.0,3.0
0.0,630.0,3.0
0.0,630.0,3.0
0.0,630.0,3.0
2.0,36773.0,1.0
2.0,36773.0,1.0
2.0,36773.0,1.0
2.0,36773.0,1.0
0.0,1016.0,1.0
0.0,1016.0,1.0
0.0,1016.0,1.0
0.0,1016.0,1.0
0.0,1016.0,1.0
0.0,1016.0,1.0
0.0,1016.0,1.0
0.0,1016.0,1.0
0.0,545.0,0.0
0.0,545.0,0.0
0.0,545.0,0.0
0.0,545.0,0.0
2.0,519.0,4.0
2.0,519.0,4.0
2.0,519.0,4.0
2.0,519.0,4.0
0.0,747.0,0.0
0.0,747.0,0.0
0.0,747.0,0.0
0.0,2619.0,0.0
0.0,2619.0,0.0
0.0,2619.0,0.0
0.0,4866.0,0.0
0.0,4866.0,0.0
0.0,4866.0,0.0
2.0,7518.0,2.0
2.0,7518.0,2.0
2.0,7518.0,2.0
2.0,7518.0,2.0
2.0,7518.0,2.0
2.0,7518.0,2.0
2.0,305987.0,2.0
2.0,305987.0,2.0
2.0,305987.0,2.0
2.0,305987.0,2.0
2.0,305987.0,2.0
2.0,54295.0,2.0
2.0,54295.0,2.0
2.0,54295.0,2.0
0.0,35151.0,0.0
0.0,35151.0,0.0
0.0,780.0,0.0
0.0,780.0,0.0
2.0,788415.0,0.0
2.0,788415.0,0.0
2.0,788415.0,0.0
2.0,788415.0,0.0
2.0,639.0,4.0
2.0,639.0,4.0
2.0,639.0,4.0
2.0,639.0,4.0
2.0,639.0,4.0
2.0,13214.0,2.0
2.0,13214.0,2.0
2.0,13214.0,2.0
0.0,3788.0,0.0
0.0,3788.0,0.0
0.0,1066.0,0.0
0.0,1066.0,0.0
0.0,521.0,0.0
0.0,521.0,0.0
0.0,521.0,0.0
0.0,174929.0,0.0
0.0,174929.0,0.0
0.0,882.0,4.0
0.0,882.0,4.0
0.0,882.0,4.0
0.0,882.0,4.0
0.0,882.0,4.0
0.0,882.0,4.0
0.0,882.0,4.0
0.0,882.0,4.0
2.0,61770.0,0.0
2.0,61770.0,0.0
2.0,61770.0,0.0
0.0,927.0,0.0
0.0,927.0,0.0
0.0,585.0,4.0
0.0,585.0,4.0
0.0,585.0,4.0
0.0,585.0,4.0
0.0,585.0,4.0
0.0,585.0,4.0
0.0,6240.0,4.0
0.0,6240.0,4.0
0.0,6240.0,4.0
0.0,3707.0,4.0
0.0,3707.0,4.0
0.0,3707.0,4.0
0.0,1131.0,0.0
0.0,1131.0,0.0
0.0,1131.0,0.0
0.0,1131.0,0.0
0.0,1131.0,0.0
0.0,1131.0,0.0
0.0,41746.0,1.0
0.0,41746.0,1.0
0.0,41746.0,1.0
0.0,41746.0,1.0
0.0,41746.0,1.0
0.0,41746.0,1.0
2.0,664.0,3.0
2.0,664.0,3.0
2.0,664.0,3.0
2.0,664.0,3.0
0.0,4902.0,0.0
0.0,4902.0,0.0
0.0,4902.0,0.0
0.0,972.0,0.0
0.0,972.0,0.0
0.0,972.0,0.0
0.0,972.0,0.0
0.0,972.0,0.0
0.0,505.0,0.0
0.0,505.0,0.0
0.0,505.0,0.0
0.0,17020.0,4.0
0.0,17020.0,4.0
0.0,17020.0,4.0
0.0,17020.0,4.0
0.0,17020.0,4.0
0.0,17020.0,4.0
0.0,17020.0,4.0
0.0,17020.0,4.0
0.0,17020.0,4.0
1.0,573.0,1.0
1.0,573.0,1.0
1.0,573.0,1.0
0.0,21600.0,4.0
0.0,21600.0,4.0
0.0,21600.0,4.0
0.0,21600.0,4.0
2.0,1635.0,0.0
2.0,1635.0,0.0
2.0,1635.0,0.0
2.0,1635.0,0.0
2.0,2707.0,0.0
2.0,2707.0,0.0
2.0,2707.0,0.0
2.0,2707.0,0.0
2.0,2707.0,0.0
2.0,2707.0,0.0
2.0,2707.0,0.0
2.0,7841.0,0.0
2.0,7841.0,0.0
2.0,7841.0,0.0
2.0,1664.0,2.0
2.0,1664.0,2.0
2.0,1664.0,2.0
2.0,1664.0,2.0
2.0,1664.0,2.0
2.0,549.0,0.0
2.0,549.0,0.0
2.0,549.0,0.0
2.0,549.0,0.0
2.0,549.0,0.0
2.0,549.0,0.0
2.0,549.0,0.0
0.0,56578.0,4.0
0.0,56578.0,4.0
0.0,56578.0,4.0
0.0,56578.0,4.0
0.0,56578.0,4.0
0.0,56578.0,4.0
0.0,56578.0,4.0
0.0,700.0,5.0
0.0,700.0,5.0
0.0,700.0,5.0
0.0,700.0,5.0
0.0,700.0,5.0
0.0,700.0,5.0
0.0,700.0,5.0
0.0,2639.0,2.0
0.0,2639.0,2.0
0.0,2549.0,0.0
0.0,2549.0,0.0
0.0,2549.0,0.0
0.0,39864.0,2.0
0.0,39864.0,2.0
0.0,39864.0,2.0
1.0,2664.0,4.0
1.0,2664.0,4.0
1.0,2664.0,4.0
0.0,677.0,0.0
0.0,677.0,0.0
0.0,677.0,0.0
2.0,1608.0,4.0
2.0,1608.0,4.0
2.0,1608.0,4.0
2.0,1608.0,4.0
2.0,1608.0,4.0
0.0,48252.0,2.0
0.0,48252.0,2.0
0.0,644.0,0.0
0.0,644.0,0.0
0.0,644.0,0.0
0.0,644.0,0.0
0.0,644.0,0.0
0.0,644.0,0.0
0.0,644.0,0.0
0.0,644.0,0.0
0.0,1009.0,0.0
0.0,1009.0,0.0
0.0,1009.0,0.0
0.0,582285.0,4.0
0.0,582285.0,4.0
2.0,1266.0,2.0
2.0,1266.0,2.0
2.0,1266.0,2.0
2.0,1266.0,2.0
2.0,1225.0,1.0
2.0,1225.0,1.0
2.0,1225.0,1.0
2.0,1225.0,1.0
2.0,1225.0,1.0
0.0,535.0,2.0
0.0,535.0,2.0
0.0,535.0,2.0
0.0,535.0,2.0
0.0,535.0,2.0
0.0,535.0,2.0
0.0,535.0,2.0
0.0,535.0,2.0
0.0,535.0,2.0
2.0,20949.0,0.0
2.0,20949.0,0.0
2.0,20949.0,0.0
2.0,20949.0,0.0
2.0,20949.0,0.0
0.0,545.0,0.0
0.0,545.0,0.0
0.0,545.0,0.0
0.0,545.0,0.0
0.0,1168.0,2.0
0.0,1168.0,2.0
0.0,1168.0,2.0
0.0,1168.0,2.0
0.0,1168.0,2.0
2.0,1132.0,3.0
2.0,1132.0,3.0
2.0,1132.0,3.0
2.0,1132.0,3.0
2.0,1132.0,3.0
0.0,573.0,0.0
0.0,573.0,0.0
1.0,2022.0,0.0
1.0,2022.0,0.0
1.0,2022.0,0.0
1.0,2022.0,0.0
0.0,1368.0,0.0
0.0,1368.0,0.0
0.0,1368.0,0.0
0.0,1368.0,0.0
0.0,1368.0,0.0
0.0,1898.0,2.0
0.0,1898.0,2.0
0.0,1898.0,2.0
0.0,1898.0,2.0
2.0,902.0,4.0
2.0,902.0,4.0
2.0,902.0,4.0
2.0,902.0,4.0
2.0,902.0,4.0
2.0,902.0,4.0
2.0,902.0,4.0
2.0,1936.0,4.0
2.0,1936.0,4.0
2.0,1936.0,4.0
0.0,6980.0,0.0
0.0,6980.0,0.0
0.0,6980.0,0.0
0.0,6980.0,0.0
0.0,6980.0,0.0
2.0,772593.0,0.0
2.0,772593.0,0.0
2.0,772593.0,0.0
0.0,1003.0,1.0
0.0,1003.0,1.0
0.0,1003.0,1.0
0.0,1003.0,1.0
0.0,1003.0,1.0
2.0,575.0,1.0
2.0,575.0,1.0
2.0,575.0,1.0
2.0,575.0,1.0
0.0,16380.0,0.0
0.0,16380.0,0.0
0.0,16380.0,0.0
0.0,16380.0,0.0
0.0,16380.0,0.0
0.0,18268.0,0.0
0.0,18268.0,0.0
0.0,890.0,2.0
0.0,890.0,2.0
0.0,890.0,2.0
0.0,890.0,2.0
2.0,38418.0,1.0
2.0,38418.0,1.0
2.0,38418.0,1.0
2.0,38418.0,1.0
2.0,38418.0,1.0
0.0,933.0,0.0
0.0,933.0,0.0
0.0,933.0,0.0
0.0,933.0,0.0
0.0,933.0,0.0
0.0,933.0,0.0
0.0,933.0,0.0
0.0,933.0,0.0
1.0,708.0,1.0
1.0,708.0,1.0
2.0,18815.0,0.0
2.0,18815.0,0.0
2.0,18815.0,0.0
0.0,2752.0,4.0
0.0,2752.0,4.0
0.0,2752.0,4.0
0.0,2752.0,4.0
0.0,2752.0,4.0
0.0,2752.0,4.0
0.0,2752.0,4.0
0.0,2752.0,4.0
0.0,2752.0,4.0
0.0,2752.0,4.0
0.0,1242.0,0.0
0.0,1242.0,0.0
0.0,1242.0,0.0
0.0,2281.0,4.0
0.0,2281.0,4.0
0.0,2281.0,4.0
0.0,2281.0,4.0
0.0,2281.0,4.0
0.0,2281.0,4.0
0.0,2281.0,4.0
0.0,2281.0,4.0
0.0,2281.0,4.0
0.0,711.0,0.0
0.0,711.0,0.0
0.0,711.0,0.0
1.0,1043.0,2.0
1.0,1043.0,2.0
0.0,1980.0,4.0
0.0,1980.0,4.0
0.0,1980.0,4.0
0.0,1980.0,4.0
2.0,1153.0,5.0
2.0,1153.0,5.0
2.0,1153.0,5.0
2.0,1153.0,5.0
0.0,11247.0,5.0
0.0,11247.0,5.0
0.0,11247.0,5.0
0.0,11247.0,5.0
0.0,11247.0,5.0
0.0,1090.0,3.0
0.0,1090.0,3.0
0.0,1090.0,3.0
0.0,1090.0,3.0
0.0,1090.0,3.0
0.0,1090.0,3.0
0.0,1090.0,3.0
0.0,1090.0,3.0
0.0,1090.0,3.0
0.0,1090.0,3.0
0.0,89836.0,1.0
0.0,89836.0,1.0
0.0,89836.0,1.0
0.0,89836.0,1.0
0.0,89836.0,1.0
0.0,89836.0,1.0
0.0,89836.0,1.0
0.0,89836.0,1.0
0.0,89836.0,1.0
0.0,89836.0,1.0
0.0,4368.0,0.0
0.0,4368.0,0.0
0.0,4368.0,0.0
0.0,4368.0,0.0
0.0,4368.0,0.0
1.0,534.0,1.0
1.0,534.0,1.0
1.0,534.0,1.0
0.0,36211.0,4.0
0.0,36211.0,4.0
0.0,36211.0,4.0
0.0,36211.0,4.0
0.0,1480.0,0.0
0.0,1480.0,0.0
0.0,1480.0,0.0
0.0,1480.0,0.0
0.0,2580.0,2.0
0.0,2580.0,2.0
0.0,2580.0,2.0
0.0,671.0,0.0
0.0,671.0,0.0
2.0,86669.0,4.0
2.0,86669.0,4.0
2.0,86669.0,4.0
2.0,86669.0,4.0
0.0,559.0,4.0
0.0,559.0,4.0
0.0,559.0,4.0
0.0,559.0,4.0
0.0,6176.0,4.0
0.0,6176.0,4.0
0.0,6176.0,4.0
0.0,6176.0,4.0
0.0,6176.0,4.0
0.0,6176.0,4.0
0.0,6176.0,4.0
0.0,6017.0,4.0
0.0,6017.0,4.0
0.0,6017.0,4.0
0.0,6017.0,4.0
0.0,6017.0,4.0
0.0,6017.0,4.0
0.0,6017.0,4.0
1.0,1081.0,1.0
1.0,1081.0,1.0
1.0,1081.0,1.0
1.0,1081.0,1.0
1.0,1081.0,1.0
1.0,1081.0,1.0
1.0,1081.0,1.0
1.0,1081.0,1.0
2.0,561.0,0.0
2.0,561.0,0.0
1.0,1394.0,4.0
1.0,1394.0,4.0
2.0,12510.0,2.0
2.0,12510.0,2.0
2.0,12510.0,2.0
2.0,12510.0,2.0
2.0,12510.0,2.0
1.0,1475.0,0.0
1.0,1475.0,0.0
0.0,571.0,2.0
0.0,571.0,2.0
0.0,571.0,2.0
0.0,571.0,2.0
0.0,571.0,2.0
0.0,571.0,2.0
0.0,571.0,2.0
0.0,1225.0,4.0
0.0,1225.0,4.0
0.0,1225.0,4.0
0.0,1225.0,4.0
0.0,1225.0,4.0
2.0,582.0,3.0
2.0,582.0,3.0
2.0,582.0,3.0
2.0,582.0,3.0
2.0,582.0,3.0
2.0,582.0,3.0
2.0,582.0,3.0
0.0,1220.0,0.0
0.0,1220.0,0.0
0.0,1220.0,0.0
0.0,1220.0,0.0
0.0,1220.0,0.0
0.0,1220.0,0.0
0.0,2704.0,0.0
0.0,2704.0,0.0
0.0,2704.0,0.0
0.0,2704.0,0.0
0.0,2704.0,0.0
2.0,39020.0,2.0
2.0,39020.0,2.0
2.0,39020.0,2.0
2.0,39020.0,2.0
2.0,39020.0,2.0
0.0,26333.0,4.0
0.0,26333.0,4.0
0.0,26333.0,4.0
0.0,26333.0,4.0
0.0,2224.0,4.0
0.0,2224.0,4.0
0.0,2224.0,4.0
0.0,2224.0,4.0
0.0,2224.0,4.0
0.0,400000.0,1.0
0.0,400000.0,1.0
0.0,400000.0,1.0
0.0,400000.0,1.0
0.0,400000.0,1.0
0.0,400000.0,1.0
0.0,400000.0,1.0
0.0,400000.0,1.0
2.0,587.0,0.0
2.0,587.0,0.0
2.0,587.0,0.0
0.0,1882.0,0.0
0.0,1882.0,0.0
0.0,1882.0,0.0
0.0,1882.0,0.0
0.0,1882.0,0.0
0.0,1882.0,0.0
0.0,1882.0,0.0
0.0,27736.0,5.0
0.0,531.0,3.0
0.0,531.0,3.0
0.0,531.0,3.0
0.0,4813.0,3.0
0.0,4813.0,3.0
0.0,4813.0,3.0
0.0,4813.0,3.0
0.0,4813.0,3.0
0.0,4813.0,3.0
0.0,5032.0,2.0
0.0,5032.0,2.0
0.0,5032.0,2.0
0.0,541.0,0.0
0.0,541.0,0.0
0.0,541.0,0.0
0.0,541.0,0.0
0.0,541.0,0.0
0.0,9606.0,0.0
0.0,9606.0,0.0
0.0,9606.0,0.0
0.0,9606.0,0.0
2.0,21981.0,4.0
2.0,21981.0,4.0
2.0,21981.0,4.0
0.0,1977.0,0.0
0.0,1977.0,0.0
0.0,1977.0,0.0
2.0,1411.0,0.0
2.0,1411.0,0.0
2.0,1411.0,0.0
2.0,1411.0,0.0
2.0,22723.0,0.0
2.0,22723.0,0.0
2.0,22723.0,0.0
2.0,3086.0,2.0
2.0,3086.0,2.0
2.0,3086.0,2.0
2.0,69686.0,4.0
2.0,69686.0,4.0
2.0,69686.0,4.0
2.0,69686.0,4.0
2.0,69686.0,4.0
2.0,69686.0,4.0
2.0,69686.0,4.0
2.0,69686.0,4.0
0.0,15899.0,2.0
0.0,15899.0,2.0
0.0,15899.0,2.0
0.0,15899.0,2.0
0.0,15899.0,2.0
0.0,15899.0,2.0
0.0,15899.0,2.0
0.0,1748.0,0.0
0.0,1748.0,0.0
0.0,1748.0,0.0
0.0,563.0,0.0
0.0,563.0,0.0
2.0,1592.0,0.0
2.0,1592.0,0.0
0.0,605.0,2.0
0.0,605.0,2.0
0.0,605.0,2.0
0.0,605.0,2.0
0.0,13823.0,4.0
0.0,13823.0,4.0
0.0,13823.0,4.0
0.0,13823.0,4.0
0.0,13823.0,4.0
0.0,13823.0,4.0
0.0,4764.0,4.0
0.0,4764.0,4.0
0.0,4764.0,4.0
0.0,4764.0,4.0
0.0,4764.0,4.0
0.0,3450.0,5.0
0.0,3450.0,5.0
0.0,3450.0,5.0
0.0,3450.0,5.0
2.0,7164.0,1.0
2.0,7164.0,1.0
2.0,7164.0,1.0
2.0,7164.0,1.0
2.0,7164.0,1.0
2.0,7164.0,1.0
2.0,7164.0,1.0
0.0,4480.0,4.0
0.0,4480.0,4.0
0.0,4480.0,4.0
0.0,4480.0,4.0
0.0,4480.0,4.0
0.0,1102.0,0.0
0.0,1102.0,0.0
0.0,1102.0,0.0
2.0,546.0,2.0
2.0,546.0,2.0
2.0,546.0,2.0
2.0,546.0,2.0
2.0,546.0,2.0
2.0,8148.0,0.0
2.0,8148.0,0.0
2.0,8148.0,0.0
2.0,8148.0,0.0
1.0,1148.0,1.0
1.0,1148.0,1.0
1.0,1148.0,1.0
1.0,1148.0,1.0
1.0,1148.0,1.0
1.0,1148.0,1.0
1.0,1148.0,1.0
0.0,1140.0,3.0
0.0,1140.0,3.0
0.0,1140.0,3.0
0.0,1140.0,3.0
0.0,1140.0,3.0
0.0,1140.0,3.0
0.0,1140.0,3.0
0.0,1140.0,3.0
0.0,1140.0,3.0
0.0,12525.0,0.0
0.0,12525.0,0.0
0.0,12525.0,0.0
0.0,994.0,2.0
0.0,994.0,2.0
0.0,994.0,2.0
0.0,994.0,2.0
0.0,518.0,2.0
0.0,518.0,2.0
0.0,518.0,2.0
0.0,518.0,2.0
2.0,1120.0,1.0
2.0,1120.0,1.0
2.0,1120.0,1.0
0.0,2231.0,4.0
0.0,2231.0,4.0
0.0,2231.0,4.0
0.0,2231.0,4.0
0.0,54773.0,2.0
0.0,54773.0,2.0
0.0,54773.0,2.0
0.0,54773.0,2.0
2.0,5942.0,0.0
2.0,5942.0,0.0
2.0,5942.0,0.0
2.0,5942.0,0.0
2.0,5942.0,0.0
2.0,1478.0,4.0
2.0,1478.0,4.0
2.0,1478.0,4.0
2.0,1478.0,4.0
2.0,1478.0,4.0
0.0,640.0,0.0
0.0,640.0,0.0
0.0,33237.0,4.0
0.0,33237.0,4.0
0.0,33237.0,4.0
0.0,33237.0,4.0
2.0,517.0,4.0
2.0,517.0,4.0
2.0,517.0,4.0
2.0,517.0,4.0
2.0,517.0,4.0
0.0,17235.0,2.0
0.0,17235.0,2.0
0.0,17235.0,2.0
0.0,13795.0,2.0
0.0,13795.0,2.0
0.0,13795.0,2.0
0.0,13795.0,2.0
0.0,13795.0,2.0
0.0,3288.0,4.0
0.0,3288.0,4.0
0.0,3288.0,4.0
0.0,3288.0,4.0
0.0,771.0,2.0
0.0,771.0,2.0
0.0,771.0,2.0
0.0,771.0,2.0
2.0,2348.0,0.0
2.0,2348.0,0.0
2.0,2348.0,0.0
2.0,9500.0,3.0
2.0,9500.0,3.0
2.0,9500.0,3.0
2.0,9500.0,3.0
2.0,1378.0,0.0
2.0,1378.0,0.0
2.0,1378.0,0.0
2.0,1378.0,0.0
0.0,18856.0,0.0
0.0,18856.0,0.0
0.0,18856.0,0.0
0.0,18856.0,0.0
2.0,802.0,2.0
2.0,802.0,2.0
2.0,802.0,2.0
2.0,802.0,2.0
2.0,802.0,2.0
0.0,1409.0,4.0
0.0,1409.0,4.0
0.0,1409.0,4.0
0.0,1409.0,4.0
0.0,3814.0,0.0
0.0,3814.0,0.0
0.0,3814.0,0.0
0.0,518.0,0.0
0.0,518.0,0.0
0.0,12229.0,2.0
0.0,12229.0,2.0
0.0,12229.0,2.0
0.0,3670.0,2.0
0.0,3670.0,2.0
0.0,3670.0,2.0
1.0,866.0,0.0
1.0,866.0,0.0
1.0,866.0,0.0
1.0,866.0,0.0
2.0,22709.0,2.0
2.0,22709.0,2.0
2.0,22709.0,2.0
0.0,101027.0,0.0
0.0,101027.0,0.0
0.0,101027.0,0.0
0.0,101027.0,0.0
0.0,1414.0,0.0
0.0,1414.0,0.0
0.0,1414.0,0.0
0.0,6209.0,0.0
0.0,6209.0,0.0
0.0,6209.0,0.0
0.0,6209.0,0.0
0.0,56331.0,2.0
0.0,56331.0,2.0
0.0,56331.0,2.0
0.0,56331.0,2.0
2.0,41529.0,1.0
2.0,41529.0,1.0
2.0,41529.0,1.0
2.0,41529.0,1.0
0.0,1235.0,2.0
0.0,1235.0,2.0
0.0,1235.0,2.0
0.0,1125.0,2.0
0.0,1125.0,2.0
0.0,1125.0,2.0
0.0,1125.0,2.0
0.0,884.0,0.0
0.0,884.0,0.0
0.0,884.0,0.0
0.0,884.0,0.0
2.0,17839.0,2.0
2.0,17839.0,2.0
2.0,17839.0,2.0
2.0,62433.0,2.0
2.0,62433.0,2.0
2.0,62433.0,2.0
2.0,62433.0,2.0
1.0,7500.0,4.0
1.0,7500.0,4.0
1.0,7500.0,4.0
2.0,8325.0,0.0
2.0,8325.0,0.0
2.0,8325.0,0.0
2.0,8325.0,0.0
2.0,8325.0,0.0
2.0,8325.0,0.0
0.0,904.0,2.0
0.0,904.0,2.0
0.0,904.0,2.0
0.0,904.0,2.0
0.0,1940.0,0.0
0.0,1940.0,0.0
0.0,6097.0,2.0
0.0,6097.0,2.0
0.0,6097.0,2.0
0.0,6097.0,2.0
0.0,24274.0,2.0
0.0,24274.0,2.0
0.0,24274.0,2.0
0.0,24274.0,2.0
0.0,1129.0,0.0
0.0,1129.0,0.0
0.0,1129.0,0.0
0.0,1129.0,0.0
0.0,660.0,0.0
0.0,660.0,0.0
0.0,660.0,0.0
0.0,660.0,0.0
0.0,660.0,0.0
0.0,660.0,0.0
0.0,660.0,0.0
0.0,660.0,0.0
0.0,660.0,0.0
0.0,660.0,0.0
0.0,18675.0,0.0
0.0,18675.0,0.0
0.0,18675.0,0.0
0.0,18675.0,0.0
1.0,662.0,4.0
1.0,662.0,4.0
0.0,28194.0,4.0
0.0,28194.0,4.0
0.0,28194.0,4.0
2.0,30632.0,0.0
2.0,30632.0,0.0
2.0,30632.0,0.0
2.0,30632.0,0.0
0.0,145274.0,2.0
0.0,145274.0,2.0
0.0,2758.0,0.0
0.0,2758.0,0.0
0.0,600.0,2.0
0.0,600.0,2.0
0.0,600.0,2.0
0.0,600.0,2.0
0.0,600.0,2.0
0.0,600.0,2.0
0.0,4186.0,2.0
0.0,4186.0,2.0
0.0,4186.0,2.0
0.0,4186.0,2.0
0.0,4186.0,2.0
0.0,4186.0,2.0
0.0,4186.0,2.0
2.0,542.0,4.0
2.0,542.0,4.0
2.0,542.0,4.0
0.0,4097.0,0.0
0.0,4097.0,0.0
0.0,4097.0,0.0
0.0,4097.0,0.0
0.0,1564.0,0.0
0.0,1564.0,0.0
2.0,18418.0,2.0
2.0,18418.0,2.0
0.0,1671.0,1.0
0.0,1671.0,1.0
0.0,1671.0,1.0
0.0,9094.0,0.0
0.0,9094.0,0.0
0.0,9094.0,0.0
0.0,9094.0,0.0
0.0,9094.0,0.0
0.0,9094.0,0.0
0.0,9094.0,0.0
2.0,11103.0,2.0
2.0,11103.0,2.0
2.0,11103.0,2.0
2.0,11103.0,2.0
2.0,11103.0,2.0
2.0,947.0,2.0
2.0,947.0,2.0
2.0,947.0,2.0
2.0,947.0,2.0
0.0,1622.0,2.0
0.0,1622.0,2.0
0.0,1622.0,2.0
2.0,581.0,4.0
2.0,581.0,4.0
2.0,581.0,4.0
2.0,581.0,4.0
2.0,581.0,4.0
2.0,581.0,4.0
0.0,150535.0,0.0
0.0,150535.0,0.0
0.0,150535.0,0.0
0.0,150535.0,0.0
2.0,16450.0,0.0
2.0,16450.0,0.0
0.0,4518.0,2.0
0.0,4518.0,2.0
0.0,4518.0,2.0
0.0,4518.0,2.0
2.0,6228.0,0.0
2.0,6228.0,0.0
2.0,6228.0,0.0
0.0,1979.0,2.0
0.0,1979.0,2.0
0.0,1979.0,2.0
0.0,1979.0,2.0
0.0,1979.0,2.0
0.0,9759.0,0.0
0.0,9759.0,0.0
0.0,9759.0,0.0
0.0,9759.0,0.0
0.0,9759.0,0.0
2.0,2337.0,0.0
2.0,2337.0,0.0
2.0,2337.0,0.0
2.0,23374.0,0.0
2.0,23374.0,0.0
2.0,23374.0,0.0
2.0,23374.0,0.0
0.0,1089.0,4.0
0.0,1089.0,4.0
0.0,1089.0,4.0
2.0,657.0,0.0
2.0,657.0,0.0
2.0,657.0,0.0
2.0,657.0,0.0
0.0,2140.0,2.0
0.0,2140.0,2.0
0.0,2140.0,2.0
0.0,2140.0,2.0
0.0,2140.0,2.0
0.0,2140.0,2.0
0.0,14048.0,0.0
0.0,14048.0,0.0
0.0,587.0,4.0
0.0,587.0,4.0
0.0,587.0,4.0
0.0,587.0,4.0
0.0,587.0,4.0
0.0,587.0,4.0
0.0,587.0,4.0
0.0,587.0,4.0
2.0,7455.0,0.0
2.0,7455.0,0.0
2.0,7455.0,0.0
0.0,2168.0,4.0
0.0,2168.0,4.0
0.0,2168.0,4.0
0.0,2168.0,4.0
2.0,53970.0,4.0
2.0,53970.0,4.0
2.0,53970.0,4.0
2.0,53970.0,4.0
0.0,630.0,5.0
0.0,630.0,5.0
0.0,2194.0,0.0
0.0,2194.0,0.0
0.0,509.0,4.0
0.0,509.0,4.0
0.0,509.0,4.0
0.0,509.0,4.0
0.0,509.0,4.0
0.0,14247.0,4.0
0.0,14247.0,4.0
0.0,14247.0,4.0
0.0,14247.0,4.0
0.0,14247.0,4.0
0.0,14247.0,4.0
0.0,2262.0,2.0
0.0,2262.0,2.0
0.0,2262.0,2.0
0.0,26092.0,2.0
0.0,26092.0,2.0
0.0,26092.0,2.0
0.0,26092.0,2.0
0.0,26092.0,2.0
0.0,759.0,2.0
0.0,759.0,2.0
0.0,759.0,2.0
0.0,2494.0,5.0
0.0,2494.0,5.0
0.0,2494.0,5.0
0.0,2494.0,5.0
0.0,2494.0,5.0
0.0,3145.0,2.0
0.0,3145.0,2.0
0.0,3145.0,2.0
0.0,1150.0,0.0
0.0,1150.0,0.0
0.0,1150.0,0.0
0.0,1150.0,0.0
0.0,1453.0,0.0
0.0,1453.0,0.0
0.0,1453.0,0.0
0.0,1929.0,0.0
0.0,1929.0,0.0
0.0,1929.0,0.0
0.0,532.0,0.0
0.0,532.0,0.0
0.0,532.0,0.0
0.0,532.0,0.0
0.0,532.0,0.0
0.0,532.0,0.0
0.0,532.0,0.0
0.0,2582.0,2.0
0.0,2582.0,2.0
0.0,2582.0,2.0
0.0,2582.0,2.0
0.0,2582.0,2.0
0.0,2352.0,2.0
0.0,2352.0,2.0
0.0,2352.0,2.0
0.0,2352.0,2.0
0.0,2352.0,2.0
0.0,519.0,2.0
0.0,519.0,2.0
0.0,519.0,2.0
0.0,155811.0,1.0
0.0,155811.0,1.0
0.0,155811.0,1.0
0.0,155811.0,1.0
0.0,155811.0,1.0
0.0,5886.0,4.0
0.0,5886.0,4.0
0.0,5886.0,4.0
0.0,5886.0,4.0
0.0,5886.0,4.0
0.0,5886.0,4.0
0.0,2319.0,0.0
0.0,2319.0,0.0
0.0,805.0,0.0
0.0,805.0,0.0
0.0,805.0,0.0
0.0,805.0,0.0
0.0,805.0,0.0
0.0,805.0,0.0
0.0,978.0,0.0
0.0,978.0,0.0
0.0,978.0,0.0
0.0,978.0,0.0
0.0,656.0,0.0
0.0,656.0,0.0
0.0,516.0,0.0
0.0,516.0,0.0
0.0,516.0,0.0
